date_posted,link,price,city,subregion,region,post_text,price_list,posts_scraped_on,len_of_price_list,match
2022-01-07T07:29:40-0800,https://sfbay.craigslist.org/pen/lss/d/san-mateo-math-emcsci-english-chem-bio/7429754585.html,,San Mateo,Peninsula,sf_bay_area,"




!!** ALL SUBJECTS PROFESSIONAL TUTOR: âˆ°Math E=mcÂ²Science English Chemistry Biology Spanish Pro Tutor All Grades $40hr: 10 YEARS EXPERIENCE*!!
Only in Person: $40 or at Home: $45    !!!ONE-ON-ONE SESSIONS: STUDENT-TUTOR ONLY!!!
!!**I'M ALWAYS WORKING WITH STUDENTS!!**PLEASE ONLY CONTACT ME BY TEXT-No Calls of any Kind-AND MENTION TYPE OF HELP NEEDED PLUS PREFERRED DAY, TIME AND LOCATION**!!
!!*I WILL ONLY REPLY WITH CURRENT AVAILABLE SPOTS IF ANY*!!
I Tutor Students from Every Grade and Level Up to College.
I HAD STUDENTS FROM:
*ELEMENTARY AND MIDDLE SCHOOLS: Henry Ford (1st to 8th Grade), Hawes, Adelante (1st to 6th grades), Selby Lane (1st to 7th grade), MIT (1st, 2nd, 3rd grades), John Gill(1st, 2nd, 3rd grades) , Notre Dame(5th and 6th grades), Mount Carmel (1st, 2nd, 3rd grades), La Entrada (3rd, 4th and 5th grades), Roosevelt (5th to 8th grade), North Star (1st to 8th grade), Almond Elementary (1st and 4th grades), German American School (3rd and 8th grades), St. Timothy's (1st, 7th and 8th grades), College Park (1st, 2nd grades), Bowditch (7th grade), Rocketship (1st-4th grades), Sacred Heart(1st grade), St. Matthew's( 6th, 7th, 8th grades: all subjects), Highlands Christian (1st, 5th, 7th grades: all subjects), Burbank Elementary( 1st-4th grades), Phillips Brooks School (1st, 4th Grades), Abbot Elementary (8th Grade) .

*HIGH SCHOOLS: Summit Prep High (Algebra1-2, Statistics, Pre-Calculus, Calculus), Everest High (Chemistry, Trigonometry, Spanish), Woodside High (Algebra 1, 2, Geometry, Physics, Chemistry, Pre-Calculus, AP Calculus, AP Statistics, English, Spanish 1-3 AP), Sequoia High (Algebra 1, 2, Pre-Calculus, Calculus, Chemistry, Spanish, French), Menlo-Atherton High (Algebra 1, 2, Geometry, Spanish 1, 2, English, Chemistry, AP History), Hillsdale High (Chemistry, Geometry), Carlmont High (English1,2,3,Senior, Chemistry, AP Calculus, Spanish 3, Pre-Calculus), Mills High (Spanish 3-4, Algebra 2, Bio), Woodside Priory (Geometry, Algebra 2, Physics, Pre-Calculus), Aragon High(Spanish 1,2,3, English, Geometry, Algebra 2, Chemistry, Pre-Calculus, AP Calculus, AP Computer Science), Burlingame High( Geometry, Spanish, Algebra 2), Castilleja (Spanish 3, Algebra 2), Notre Dame High(Geometry), Junipero Serra High (Algebra1), Mercy High(Geometry, Algebra 2), Castro Valley High(AP Physics, AP Biology, SAT General, SAT Biology, SAT Physics, AP Calculus, AP Statistics), Los Altos High (Pre-calculus), Saint Francis (Algebra 1 Honors).

*COLLEGES AND UNIVERSITIES: Stanford University, Northern Arizona University (Finite Math, College Algebra), University of North Carolina, College of San Mateo (Math 200, Statistics, Math 241 Applied Calculus), Canada College (Math 200, Statistics, Math 130 Trigonometry), Foothill College (Math 10, Statistics), De Anza College (Math 10 Statistics), City College of San Francisco (Math 110A, Calculus I), UC San Diego (Introduction to Statistics), University of the Pacific (GRE), UCSF (Biology, Physics, Chemistry, Organic Chemistry, Pre-Calculus, Business Statistics, English), UC Merced (CSE 015: Discrete Mathematics, Calculus 1).

*HOME SCHOOLING: 4th and 6th grades (All Subjects: Math, English Reading, Writing, Comprehension, Grammar, Science, Social Studies), 10th Grade (All Subjects: Algebra 1-2, English Writing and Composition, History, Environmental Science), 9th Grade (Geometry, Algebra 2), 11th Grade (Physics).

*Catholic High School Entrance Exams (COOP, HSPT, TACHS, math, reading, logic).

*GIFTED STUDENTS: Advanced math and science for young, advanced students to prepare them for advanced classes, math and science Olympiads or math Kangaroo.

* INTERNATIONAL STUDENTS: ESL (English As a Second Language) for international students, 1st to 12th grades, who speak no word of English to beginning, intermediate and advanced, including vocabulary, phonetics, speaking, writing and pronunciation. I had many students from: China, Taiwan, Korea, Thailand, Mexico, Belgium, Israel and others.

*I CAN HELP WITH: HOMEWORK, SCHOOL PROJECTS, TEACH AND IMPROVE ENGLISH READING, WRITING, COMPREHENSION, SPEAKING, ESSAYS, BOOK REPORTS, MATH, SCIENCE, LANGUAGES AND ANY OTHER SUBJECTS SO STUDENTS CAN ALWAYS BE AHEAD.
The Subjects I Tutor Include:
*MATH: ALGEBRA, GEOMETRY, STATISTICS, TRIGONOMETRY,
CALCULUS.
*ENGLISH: READING, WRITING AND COMPOSITION, COMPREHENSION, ESSAYS, BOOK
REPORTS, ESL, PUBLIC SPEAKING.
*SPANISH: BASIC TO ADVANCED, FLUENCY, WRITING, GRAMMAR, SPEAKING AND LISTENING.
*FRENCH: BEGINNING TO INTERMEDIATE.
*PHYSICS, CHEMISTRY, BIOLOGY: BASIC TO ADVANCED AP.
*TECHNICAL AND ACADEMIC TRAINING: WORD, EXCEL, POWER POINT,
SAT General, SAT Subject, AP Classes, GED, CBEST, GRE, COLLEGE PREP, WEBPAGES.

!!**I mainly tutor, in person, at the Downtown Redwood City, downtown San Mateo, Foster City or Millbrae libraries. or Starbucks, library: 40hr or !!**at home ($45): Redwood City, San Mateo, Foster City, Millbrae and surrounding cities only!!**
--------------------------------------------------------------------------------------------------------------------------------------------------
Key words: Math tutor, Science tutor, Spanish tutor, English tutor, ESL, International Students, Calculus tutor, Algebra, Geometry, Chemistry tutor, Statistics Tutor, Los Altos, Los Altos Hills, Mountain View, Palo Alto, Menlo Park, Atherton, Redwood City, San Carlos, San Mateo, Foster city, Hillsborough, Burlingame, Millbrae, San Francisco, Alameda, East Bay, Contra Costa, Santa Clara, San Jose, Cupertino.
","[40, 40, 45, 45]",2022-01-08,4,[20]
2022-01-06T12:46:35-0800,https://sfbay.craigslist.org/sby/lss/d/sunnyvale-expert-tutor-for-writing/7429500698.html,,Cupertino,South Bay,sf_bay_area,"




Don't wait to get a tutor! This applies to struggling students or brilliant ones, as I can help both achieve their best.



Would your student perform better in his or her subjects with a weekly tutor? I am here to help. I am a master tutor with fifteen years of experience bringing out the best of my students. I can help your student improve their English and Math skills, and maximize both learning and grades.


I earned a graduate degree from Harvard University, and I specialize adapting my teaching style to each unique student. Additionally, I have lived overseas for five years, and so I have a speciality helping students who have English as a second language (ESL). I also am an expert SAT and ACT tutor.


I can help you with the following:ENGLISH: English classes,Writing, Grammar, StyleHISTORY & OTHER LIBERAL ARTS: History, Social Studies, Government, Political Science, etc.MATH: Arithmetic, Fractions, Algebra, Geometry, TrigonometrySCIENCE: Chemistry, Biology, Physics


Individualized Tutoring
Each student is different and I listen carefully so that our sessions are most productive. There is no substitute for one-on-one tutoring.

Short Term or Long Term
Some students have stayed with me their entire high school career. Others need just a bit of help to complete a difficult assignment. 


Rates
Individualized tutoring costs $90/hr for in-person or $60/hr for online. (AT LEAST UNTIL MAY 
 2022 CORONA VIRUS PRICING: $40/hr for online weekdays.) The introductory meeting is free without any obligation. I tutor online or in-person, and I use google docs and a whiteboard program for online students. Online tutoring works very well.


NOTE: If your income has been disrupted due to the coronavirus, please indicate the hourly rate you are able to pay. 


Contact
You can text me or simply reply to this ad and we'll arrange a Zoom meeting.


kenaritutor.com
    ","[90, 60, 40]",2022-01-08,3,[131]
2022-01-05T08:22:37-0800,https://sfbay.craigslist.org/sby/lss/d/la-honda-math-chem-sat-act-tutor-30/7428924612.html,,None,South Bay,sf_bay_area,"




Feel free to text me at 909-640-3570

Hi, I was accepted into the Ivy Leagues and tutor math, chemistry, and SAT/ACT. Iâ€™ve been a tutor for over 8 years working with students of all ages. I help with homework, quizzes and tests. For ACT/SAT I scored in the top 1%, use official practice tests and teach high-level tricks. I tutor through videocall, so you can work with me from the comfort of your home ğŸ .

+ Math ($30)
+ Chem ($35)
+ SAT/ACT ($45)
+ Online Tutoring (Zoom/Skype/Facetime)

Give me a call or text me at 909-640-3570. My schedule is flexible and we can get started ASAP.
    ","[30, 35, 45]",2022-01-08,3,[108]
2022-01-02T17:51:54-0800,https://sfbay.craigslist.org/scz/lss/d/santa-cruz-math-tutor-available/7427870205.html,,Santa Cruz,Santa Cruz,sf_bay_area,"




Experienced, qualified Middle School teacher (licensed in both California and Hawai'i) offering virtual one-on-one Math tutoring via Zoom to support students with their specific academic needs. Price per session begins at $30. Please contact me for more information and to schedule a free consultation.

Session Options/Pricing:

Initial Consultation (Free)
30-minute session ($30)
60-minute session ($60)
90-minute session ($90)    ","[30, 30, 60, 90]",2022-01-08,4,[447]
2022-01-01T19:58:23-0800,https://sfbay.craigslist.org/eby/lss/d/walnut-creek-math-tutor-gre-and-sat/7427549078.html,,Walnut Creek,East Bay,sf_bay_area,"




I have been doing mathematics tutoring for more than a decade, for all levels from elementary school to high school. I currently hold a PhD in Engineering from UC Davis and work at a data science tech company. I can help you/your child to get better at mathematics and succeed in their exams.

Working days:
- Saturdays and Sundays

Math subjects:
- Algebra, calculus, trigonometry, geometry

Test preps:
- SAT and GRE

Charge for one hour per session:
- $60 per hour

Charge for two hours per session:
- $50 per hour ($100 total)    ","[60, 50, 100]",2022-01-08,3,[49]
2021-12-17T18:27:55-0800,https://sfbay.craigslist.org/sfc/lss/d/oakland-experienced-tutor-online-math/7422186688.html,,None,San Francisco,sf_bay_area,"




Learn better, faster - and have more fun doing it!


Experienced Teaching Professional
-----------------------------------------------
I have been pursuing continual learning and teaching since graduating college, tutoring full time since 2017 and part time since 2008. I have always had a passion for learning, but I fell in love with teaching in high school. I have been loving it ever since: now I have over 12 years of tutoring experience with 300+ students. 

I've tutored for a number of professional organizations (e. g. https://www.gradepotentialtutoring.com, http://www.stemivy.com, Walnut Hills Alumni Association, OSU Young Scholar Program to name a few) but I now do most of my tutoring privately.

I teach a wide variety of subjects and students of all ages: engineering students, college students in multivariable calculus and calc-based physics (my favorites), grade school students with ADHD, high school students in AP classes or ACT/SAT prep, etc.

My focus is developing an understanding from the deepest roots of a concept to its sun and sky. I do NOT preach memorization or repetition. My students tell me that Iâ€™m easy to get along with, and always have a new way to explain an idea that isn't making sense. 

I consistently see a significant improvement in my studentsâ€™ grades - part of what makes my job so satisfying! My passion is to make learning as easy and enjoyable as possible.


Proven Academic Success
---------------------------------------
I received a full scholarship to University of Cincinnati and held a 3.8 GPA through my masterâ€™s program in aerospace and mechanical engineering, graduating magna cum laude.
-99th percentile score on PSAT, SAT, and ACT
-Awarded the National Merit Scholarship
-35/36 ACT Math, 36/36 ACT Math and Science
-5/5 on the AP Calculus BC and AP Physcis C exams
-Ranked in state math and science competitions

I have helped countless students to exceed their own expectations with their grades and test scores. I can help beyond just knowing the material, but with strategies and time management techniques to test with confidence.


The Tutoring Experience
--------------------------------
I use a fantastic free whiteboard website (check out â€œbitpaperâ€) along with an artist tablet that allows me to write and draw.

It's super easy:
Snap screenshots or pictures of your assignment or study materials
Drag and drop onto the whiteboard
We video or audio chat while we write, draw, graph and collaborate on solutions. 

All of our notes are autosaved, organized, and available to you forever.


Rates and Scheduling
-------------------------------
I offer lower hourly rates for longer sessions:

1 hour 20 min-------$100
1 hour 40 min-------$115
2 hours---------------$130
>2 hours-------------$65/hr

Take $30 off your first session, and $60 off when you refer a new student to me. If you are not satisfied with the quality of help you receive, it's free.

I prefer communication by call or text, but email is fine too. Let me know if I can help you!! Please feel free to ask me for student and teacher references!


Reviews
------------
""Eric is very knowledgeable, has been able to connect our daughter to the material in a way that makes her excited to be learning, and has a GREAT attitude! In other words - the perfect tutor! If you hire him he'll reset the bar for what a tutor can be.""
-Andreas D.

""My tutoring experience with Eric has been great. Heâ€™s very knowledgeable and patient. I felt comfortable working with him, and he knows how to explain topics in plenty of ways to make them easy to understand. Math has always been the most difficult subject for me, but when I met Eric I gained a better understanding and my first ever A on my final exam!""
-Teonna C.

""Eric was my student in high school. He was the top student in the most demanding math course we offered at the time: AP Calculus BC. Not only was he a brilliant and diligent student, he also took first place in our math team competition. Eric is dependable, caring and well liked. He has the personality and intelligence to do absolutely anything he wants. Kids will love his energy and sense of humor. Students seeking help will be hard pressed to find a better candidate.""
-Susan C.


--------------------------------------------------------

Even if you don't see your subject listed here - ask me about help with your university graduate or undergraduate engineering, math, or science courses.

--------------------------------------------------------

Keywords:
science algebra statistics chemistry geometry pre-calculus precalculus precalc pre-algebra electricity and magnetism E&M circuits statics dynamics vectors mechanics polar cylindrical integrals derivatives trig trigonometry 1 calc 2 3 I II III A B C AB BC senior junior sophomore freshman 12th grader 11th grade 10th 9th advanced placement test exam university college private teacher one-on-one school help




Berkeley Stanford California San Francisco University Institution College
Mcclymonds
Oakland
Abraham Lincoln High School (San Francisco)
Academy of Arts & Sciences (San Francisco, California)
Archbishop Riordan High School
Balboa High School (California)
The Bay School of San Francisco
Convent Stuart Hall
Convent of the Sacred Heart High School (California)
Envision Schools
French American International School (San Francisco)
Galileo Academy of Science and Technology
Gateway High School (San Francisco)
Ida B. Wells Continuation High School
Immaculate Conception Academy (California)
International High School of San Francisco
International Studies Academy
Jewish Community High School of the Bay
John A. O'Connell High School
June Jordan School for Equity
Leadership High School
Lick-Wilmerding High School
Lowell High School (San Francisco)
LycÃ©e FranÃ§ais de San Francisco
Mercy High School (San Francisco)
Mission High School (San Francisco)
Mountain View Academy (San Francisco)
Phillip & Sala Burton High School
Sacred Heart Cathedral Preparatory
St. Ignatius College Preparatory
San Francisco Polytechnic High School
Ruth Asawa San Francisco School of the Arts
San Francisco University High School
San Francisco Waldorf School
Stuart Hall High School
Thurgood Marshall Academic High School
The Urban School of San Francisco
Raoul Wallenberg Traditional High School
George Washington High School (San Francisco)
Youth Chance High School    ","[100, 115, 130, 65, 30, 60]",2022-01-08,6,[80]
2021-12-16T08:27:03-0800,https://sfbay.craigslist.org/sfc/lss/d/torrance-college-math-tutor-calculus-ii/7421503102.html,,Online,San Francisco,sf_bay_area,"




â˜…â˜… College Math Tutorâ˜… Calculus I ,II & III, AP Calculus AB/BC , Trig, College Algebra, College Statistics, Linear Algebra, ODE


Website :

www.collegemathcourses.com

YouTube :(Under Construction)

https://www.youtube.com/channel/UCqhFZRmUqOAAPMQpo58TV7g

â˜…â˜…All tutoring is done by One Tutor. â˜…â˜…


Elementary Statistics and Probability
Introduction to Statistical Reasoning
Probability and Statistics
Mathematical Statistics

Pre-Algebra
Intermediate Algebra
College Algebra/Algebra 1/Algebra 2

Geometry
Trigonometry (Trig)
Finite Mathematics
Pre-Calculus /Math Analysis
Calculus I , II and III
Vector Calculus
Introduction Linear Algebra (Matrix)
Finite Mathematics

===For Engineering students ========================

Advanced Calculus
Differential and Integral Calculus
Multiple Variable Calculus
Applied Statistics and Probability for Engineers
Complex Numbers
Differential Equation
Engineering Analysis

===For MBA and EMBA students ====================

Business Statistics
Business Calculus

Introduction to Statistical Reasoning
Operational Research
Optimization
Quantitative Analysis
Decision Analysis
Management Science
Linear Programming
Transportation Problems

Excel Tableau
Mathematics and Politics
Project Management

Test Preparation

SAT

CBEST, CSET I, II and III (MATHEMATICS for HS and Middle school Teachers)


GRE MATH



GMAT MATH

AP Calculus AB and BC
AP Statistics

Graphing Calculation help


Hourly Rate : Depending on the subject: ==== Most Math/Stats Subjects $40/hr ====


============= â˜…â˜… $40/hr â˜…â˜… ====================================
Assignment Help, Homework Help -Step by Step Solutions Rate : $40/hr
====================================================================

============== â˜…â˜… $40/hr â˜…â˜… =========================================

Zoom 1-on-1 tutoring : $40/hr

====================================================================


â˜… I can help students with their homework assignments , projects, and prepare for the Examsâ˜…

â˜… I will forward you a PDF file of the notes and problems solved during the tutoring session if neededâ˜…


==â˜…â˜… Exp University Level Math Tutor (MS Applied Mathematics, MS Applied Statistics and MS Aerospace Engineering) â˜…â˜… ==

============== â˜…â˜… â˜…â˜… =======================================
GRE MATH (My GRE MATH Score : 800/800)
============================================================

â˜…â˜… You're not paying for the hours or minutes but for Education, Knowledge and Experience â˜…â˜…

â˜…â˜…â˜…â˜…â˜…â˜… Text/ Email Preferred (Text for a Faster Response ) â˜…â˜…â˜…â˜…â˜…â˜…
============================================================================


Keywords: High School, Middle School, College, University, Home school, Online Help, Google Drive, Zoom, Screen share, whiteboard, , Graphing Calculator Help, Consultation, STEM, Excel, statcrunch, F201, MBA 626, QUMS 505, BUAD 310 (USC), QBUS 215, MATH 227, QMS 321, IS 310 (CSULB), QMS 423, BUS 14A, BUS 14B, Pre-Calculus MATH 1 (UCLA), Introduction to Statistical Reasoning STATISTICS 10 (UCLA), MATH 8 (SMC), MATH 31A (UCLA), MATH 112, MATH 120, MATH 102 (LMU), MATH 142, MATH 241/242, STAT 015, STAT 050, MATH 10, MAT 191, MAT 192, MAT 131, MAT 321, MAT 421, MAT 131, MAT 323, MAE 505, PPD 502X, Psych 210, Psy 3307 , MA-336 (CUNY), MA-114 (CUNY), MA-119 (CUNY) , MA-441 (CUNY), MA-442 (CUNY), MA-440(CUNY), MA-261 (CUNY), MA-121 (CUNY), MA-120 (CUNY), MA-10 (CUNY), MATH 2 (UCSD), MATH 3C (UCSD), MATH 4C (UCSD), MATH 10A (UCSD), MATH 10B (UCSD), MATH 20A (UCSD), MATH 20B (UCSD), MATH 20C (UCSD), MATH 20D (UCSD), MATH 11 (UCSD), MATH 2 (UCSD),Math 165 (El Camino), Math12400,.....
(SMC) Math 1, Math 2, Math 2C, Math 3, Math 3C, Math 4, Math 4C, Math 7, Math 8, Math 15, Math 18, Math 20, Math 21C, Math 26, Math 26C, Math 28, Math 29, Math 31, Math 32, Math 41, Math 50, Math 54,Math 54C,Math 81,Math 84,Math 85 (SMC)
(SBCC) MATH 114, MATH 117, MATH 110C, MATH 130C, MATH 131, MATH 137,, MATH 138, MATH 150C, MATH 160C, MATH 138, MATH 150, MATH 160, MATH 200, MATH 220 (SBCC), MATH 124, MATH 1040 (Honors), MATH G160, MAT 241 ( Calculus 3/ Chicago/Illinois)

Calculus II :

Integration by Parts
Convergence TEST & Divergence TEST
Absolutely Convergent
Conditionally Convergent
Geometric Series
p-Series
Direct Comparison
Limit Comparison
Ratio Test
Root Test
Integral Test
Alternating Series

Calculus III

3D Coordinate Systems
Vector Functions
Partial Derivatives
Maximum and Minimum Values (With constraints)
Multiple Integrals
Vector Calculus
Line Integrals
Surface Integrals
Applications (Calculus 1, 2 and 3)

College Statistics :
Elasticity, ANOVA, Z , t , Normal, Poisson, Binomial, Exponential, Uniform, Negative Binomial, Hyper-geometric distributions , Trigonometry, Integration, Integration by Parts, Differentiation, derivative , Theory of Voting, Majority Rule, Voting Methods, Voting Power, Minimum Spanning tree , Shortest path, spanning tree , PERT, CPM, ALEKS, Cengage ,Canvas, MyMathLab , MyStatLab ,Pearson , Wiley , Brightspace, MyOpenMath, Connect,Webwork. ConnectMath, StraighterLine , Statcrunch ,WebAssign , Lumenohm. etc    ","[40, 40, 40, 40, 40]",2022-01-08,5,"[143, 237, 292, 367, 407, 477]"
2022-01-05T18:45:34-0800,https://sfbay.craigslist.org/sfc/lss/d/san-francisco-physics-calc-math-chemiii/7429205069.html,,Richmond / Seacliff,San Francisco,sf_bay_area,"




Tutoring rate. $50/hr, Group Rate, $10 each additional person.

CLASSES OFFERED:

PHYSICS: Physics with Calculus, Mechanics, Statistics/Probability, Quantum Mechanics and Electrodynamics, college and high school level. GRE, MCAT, SAT Physics.

MATH: Calculus I, II, III, Business Calc, Linear Algebra, Econ lin Alg, Differential Equations, Statistics, Pre-Calculus, Trigonometry, Geometry, Algebra, Pre-Algebra, Microsoft Excel, college and high school level. Test preparation for math, GMAT, GRE, MCAT, LSAT, SAT, ACT, LSAT, GED and any other entrance exam.
California Contractors State license Board, CSLB exams, math help for, electrictrical/low voltage, carpentry, boiler, concrete, elevator HVAC, plumbing, solar, welding.

CHEMISTRY: General College Chemistry I,II, college and high school level.

ESSAY/TERM PAPER: Term paper preparation, presentations and public speaking.

ONLINE TUTORING ONLY, I have a professional Zoom account with unlimited time, Skype or any other video conferencing platform will also work. I have equation editing software, so I can type out the equations we are discussing and share my screen for easy viewing. I can then save the finished work and email the PDF for later review.

TUTORING CREDENTIALS
I have been tutoring for 6+ years, and I have many students who are all satisfied with my help. I have earned my B.S and M.S. in Physics from San Francisco State University in May 2017. You can confirm my credentials through the WYZANT tutoring website. I have a 5 star rating and I strive to give you the best tutoring experience possible. I have also passed Wyzantâ€™s background checks. You can paste this link into your search window for security. https://www.wyzant.com/Tutors/PhysicsMath_TrevorK
You can also check out my website, https//trevorskelly.com/  for more details on tutoring for physics, math and chemistry and physics research consulting.

I CAN HELP YOU WITH TUTORING:
Do you need help with your Physics with Calculus classes, or just need help with math? I can help you study for a test or homework. I know how difficult learning physics, math and chemistry can be, and I will help you to avoid the common conceptual mistakes and pitfalls. If you would like help in physics, math or chemistry, feel free to contact me. Many people ask me to do their work for them, here is my response: I WILL NOT COMPLETE YOUR EXAMS, TESTS OR HOMEWORK FOR YOU, PLEASE DO NOT EVEN ASK.

I am well versed in the subjects of Physics with calculus, from kinematics all the way up to special relativity. I can also help you with Calculus I, II, III, Statistics, Pre-Calculus, Trigonometry, Geometry, Algebra, Pre-Algebra Trig, and Algebra. Lower level physics and math students are also welcome. I can also help you with general chemistry I, II, which deals with buffers, titration, and rates of reaction (kinetics). 

I live in the bay area and I offer high quality online tutoring. My hourly rate is $50. I accept students of all ages.

My name is Trevor, please contact me through the Craigslist messenger.

OPTICS/PHYSICS RESEARCH AND DEVELOPMENT:

I can assist with Research and Development of specific physics, optics, photonics and fluid dynamics application ideas from original conception to completion. Currently I am a self-employed research consultant and private tutor. Please check my website, https//trevorskelly.com/ for more information.

Please inquire if you would like more details.
    ","[50, 10, 50]",2022-01-08,3,"[94, 260, 387, 482, 534, 578]"
2022-01-05T09:08:46-0800,https://sfbay.craigslist.org/sfc/lss/d/san-francisco-spss-statistics-geometry/7428949765.html,,San Francisco,San Francisco,sf_bay_area,"




I hope everything is fine and I am glad to have you here. 
I am fully vaccinated and available to meet in â€“ person and Online too

Specialization:
I hold a Doctorate in Statistics with an Undergraduate Degree in Math (Major)
15+ years of tutoring experience via digital board.

Get: 
1. 100% Excellence work
2. A+ Grade
3. 100% buyer satisfaction with excellent teaching 
4. Fee after work done
5. Teach concept in effective manner

Service specifics:
College Algebra Integration Differential equations Limits Series Linear Algebra Linear Programming Operations research Numerical Analysis Mathematics Advanced Calculus 1 Calculus 2 Calculus 3 Trigonometry Vectors Higher Mathematics Complex analysis Pre-calculus Complex analysis Discrete Finite Math Differentiation Excel Tableau Pre-Algebra Tutor Minitab

Rate:
Zoom 1-on-1 tutoring
$50 First hour (1hr) 
$100 (2hrs)
$135 (3hrs)

Credentials:
Worked for 2 companies named
Datameer (2014-2017) as a Statistics Data Analysis
IBM (2017 onwards) as a Senior Statistician 

Tutoring Keywords: 
MATH 116 Calc MBA 626, 215, QMS 423, BUS 14A, BUS 14B, Pre-Calculus MATH 1 (UCLA) STATISTICS 10 (UCLA), MATH 10A (UCSD), MATH 10B (UCSD), MATH 20A (UCSD), MATH 20B (UCSD), MATH 20C (UCSD), MATH 20D (UCSD), MATH 11 (UCSD), MATH 2 (UCSD),Math12400MATH 8 (SMC), MATH 31A (UCLA), MATH 112, MATH 120, MATH 102 (LMU), MATH 142, MATH 241/242, STAT 015, STAT 050, MATH 10, MAT 191, MATH 114, MATH 117, MATH 110C, MATH 130C, MATH 131, MATH 137,, MATH 138, MATH 150C, MATH 160C, MATH 138, MATH 150, MATH 160, MATH 200, MATH 220 (SBCC), MATH 124MAT 192, MAT 131, MAT 321, MAT 421, MAT 131, MATH 227, QMS 321, IS 310 MAT240, (CSULB),MAT 323, MAE 505, MATH 2 (UCSD), MATH 3C (UCSD), MATH 4C (UCSD)

I can send you either a hand written or a word document according to your need. For live - Hand written work in specific time.
","[50, 100, 135]",2022-01-08,3,[99]
2022-01-04T09:59:47-0800,https://sfbay.craigslist.org/sfc/lss/d/san-francisco-virtual-tutoring-math/7428542569.html,,Russian Hill,San Francisco,sf_bay_area,"




Virtual Tutoring!

Hi! I'm Sam. I'm in college and am a Biology Pre-Med major. I'm an experienced tutor with over 8 years of experience under my belt. I have tutored and worked for 3 years as a teacherâ€™s assistant for elementary school students in the advanced Gifted and Talented classes. I have tutored and worked for a year as a teacherâ€™s assistant for High School students, mentoring them with their education and helping them with any subjects they need. I have tutored college students for 4 years with a focus in the math and science department.

$30=1/2 hour
$50= hour
$500=10 hours
$900=20 hours
Free Consultation
(I accept cash, CashApp, Venmo, Zelle, and Crypto)

SUBJECTS

All Elementary and Middle School Subjects

MATH
Elementary school, Middle School, Algebra 1, 2, 3, Geometry, Trigonometry, Pre-calc, Calculus 1 & 2 (AB/BC), ACT Math Prep, Statistics

***ACT/SAT MATH Prep and Test Taking Strategies***
35/36 on the ACT and 780/800 on the SAT
$60 an hour

PHYSICS
Physics 101 (basic physics) (College 100 level) (AP/Honors Physics) (Vectors, Wavelengths, Forces, Newtonâ€™s Laws, Thermodynamic Laws, Pressure, Springs, X&Y Vector movement)

BIOLOGY
Elementary school, Middle school, Environmental Biology, Molecular Biology, Evolutionary Biology, Microbiology

ENGLISH.READING
Elementary School, Middle School, English 101 (AP/Honors English), English Grammar

CHEMISTRY
Elementary School, Middle School, General Chemistry 1, General Chemistry 2 (AP/ Honors Chemistry)

If your are interested or have any questions or concerns please contact me at
thetutorsam@gmail.com or text me at (614)-500-9396
    ","[30, 50, 60]",2022-01-08,3,[266]
2022-01-03T15:13:54-0800,https://sfbay.craigslist.org/sfc/lss/d/lawton-online-tutoringphysics-phd-math/7428260931.html,,Lawton,San Francisco,sf_bay_area,"




NEED A PRIVATE TUTOR?
$40/hour for students

Online Tutoring: Physics PhD + postdoc/Math BS - Programming: C/C++/Java/python/C# -- Physics, Math and CS

Peter D.
Online only (My Zoom is preferred for sessions)
Time zone: CST/CDT.
For CL email communications, please check your spam.

$80/hour for businesses (industry, research labs, and private businesses for software engineering consulting/training/scientific programming/tutoring.)

For math, physics, and, if necessary, CS, I provide pdfs of all notes I write with my tablet.

I have a past total of about 4 years of part-time tutoring experience in St. Louis, MO for a private company and, in Edwardsville, IL for SIUE. I have additionally about 1.5 years of part-time and periodically full-time experience (2016 - 2017) with online or primarily online tutoring employers. I began this tutoring business in June, 2017, which has been a full-time job. 

Subjects Tutored

Computer Science:  Java, JavaFX, Java Swing, AP Java, C, C++, python, FORTRAN (77, 90, 95, higher by request), MATLAB or Octave (1st semester engineering), data structures and algorithms (C, Java, C++, python), C# (beginner), SQL (beginner), Linux Systems administration, Linux OS, Unix (vi, vim, regular expressions), PHP, HTML5, CSS3, JS (beginner), shell scripting (bash, csh, sh). 

Physics: College physics, university physics (w/ calculus), AP physics, physical science, IB physics, computational statistical mechanics, and possibly other, more advanced physics courses by request. 

Mathematics: algebra 1 and 2, geometry, trigonometry, statistics (intro), probability, pre-algebra, pre-calculus, college algebra, calculus (1-3), AP calculus, differential equations, complex variables, linear algebra (intro), time series (HRV), signal processing for time series (HRV), Heart Rate Variability (HRV research), and certain other more advanced math classes by request.

General:  MS Word, MS PowerPoint, and MS excel. I am also open to helping with research projects, theses, or dissertations in any field (especially HRV) requiring math, statistics, physics, programming, and certain areas of engineering, if there is a good fit.
Students of all ages are welcome. I have had C programming students as young as 10 and 14. In java (AP CS), I have tutored 8th grade, 9th grade and HS students, and several HS AP Physics students. Last year, I had a 12th grader learning Java enterprise apps (then moved to C# .Net asp.net web forms). I have had one 8th grader and two 9th graders in advanced math classes. I have tutored math, physical science, and astronomy for a student in 7th grade. I have taught a 7th grader physics with a portion of Hewittâ€™s Conceptual Physics (slowly). I have had students in research, students working on their Ph.D. dissertation, students working on their MS thesis, and students working on their MS or MBA, as well as elementary students, HS students, and undergraduates in CS (mostly) or engineering. I have also helped an industrial research professional Ph.D. with C and C++.
I have a B.S. in Mathematics (SIUE), all but thesis graduate work toward an M.S. in physics (SIUE), an M.A. in Physics (Wash U STL), and a Ph.D. in Theoretical Physics (Wash U STL). I also have a postdoctoral fellowship in Theoretical Physics in Germany (Universitaet Tuebingen, Institut fuer Theoretische Physik) in my background. I am two classes away from completing an M.Ed. in Secondary Education/Mathematics (UMSL), but it is now too late.
As an adjunct professor, I taught introduction to statistics, physical science, and college physics. I am a former teaching assistant or teaching fellow in physics during 5 years in graduate school.

I am a former part-time software engineering consultant using C++ for a US industry in PA (2019). Also, in industry, I have 6.5 years of professional experience as a programmer/software engineer. I have 12 years of professional programming experience in a scientific research lab at Wash U School of Medicine in St. Louis. Through my dissertation and postdoc, I have 5 years of FORTRAN programming experience. At Wash U School of Medicine, I have 8 years of part-time UNIX system administrator experience. The programming languages C, C++, FORTRAN, python, and Java, the operating systems UNIX, Linux, and Windows, and the shell scripting language bash, and sh are my computer specialties. 

Based on 40hrs/week of only programming, I have about 6.5 years of experience with C, 4 years of experience with C++, 2 years of experience with Java, and 1 year of experience with python (primarily tutoring). I have several years of experience with shell scripting. I have coded GUIâ€™s in MFC/C++, JavaFX and Java Swing. I might be able to help with python programming in an ML class, if it is a beginning applied course. In total, I have been programming for about 30 years.

In addition to math and physics, I tutor C, C++, FORTRAN, Java, JavaFX, python, SQL, UNIX, Linux, and shell scripting (bash, sh). I can teach beginning to expert levels in all programming languages, scripting languages, and OS's above, except for Java, C#, and python. Currently, I can help beginning and intermediate level Java and python students (no data science). I can also help with beginning C#, JS, HTML5, CSS3, SQL, and PHP. I have recently tutored several times a first course in MATLAB for engineering students. Over the past few years, I have had many students in data structures and algorithms. I have helped with courses in algorithm analysis, applied ML, and computer systems design, but I am not an expert in any of these courses.

I work with students online. I will offer classes online, where students can connect from different locations, and they may share the burden of my default rate. The default rate becomes $40 + $10 for each additional student. E.g., 4 students would each pay 1/4 of $40 plus $30. The maximum number of students online is decided by the students themselves for online subject tutoring. Twenty students are the preferred maximum for an online class. With My Zoom, 100 students can join an online class in real time. (Students must come together first and then request a class).
I practice patience and a perfectly positive attitude toward my students, striving to not judge others.
In sessions, concepts are explained clearly if there is a need. Otherwise, practice is the focus. Active learning is best in any subject. Teaching strategy in test taking is beneficial to many students. Teaching error-free programming techniques is valuable in CS.
I want to help students learn problematic material. Beating the fear of success is possible through sustained small successes. The only real teaching/tutoring goal is to teach a student everything the teacher/tutor knows so that the teacher/tutor is no longer necessary.
Learning technical subjects requires problem solving, and learning programming languages requires specifically programming practice. Reading programs, if done carefully, is helpful, but there is no substitute for programming.  Just like in mathematics and physics, one must read and actively practice (program) to master the subject. With sufficient programming practice, there is no need to do rote memorization of code idioms -- such things will come automatically. Programming is problem solving, and it is more similar to problem solving in math than in physics, I think. Learning programming is ideally like learning to play a musical instrument. Learning math and physics also require significant practice to by-pass rote memorization, develop speed in problem solving, and develop intuition.
Getting code from the internet is not a preferred approach to programming. It is dangerous to your academic career, and it is not helpful in the long run if it is not significantly modified and understood. I rarely use code from the internet, and I almost always write completely original code to solve a problem. Any code developed jointly during a session should be completely assimilated by the student. It is essential to be able to easily read code in the language at hand.
Note that High School physics teachers with a B.Ed. have the weakest background in physics courses. A High School teacher with a B.S. in physics is much better prepared to teach physics. An M.Ed. high school teacher does not take as many physics courses as a M.S. physics teacher, and could still know less physics than a B.S. in physics teacher. A Ph.D. in education teacher is similar to a M.Ed. in physics teacher in terms of physics courses, unless an M.S in physics was earned. A Ph.D. in physics has the most experience in physics courses, and a Ph.D. in theoretical physics is could be even better prepared. Postdocs also add to a Ph.D.'s preparedness to teach.

Education
Southern Illinois University, Edwardsville (Mathematics) B.S. with Honors
Southern Illinois University, Edwardsville, (All but Thesis - straight A's in physics)
Washington University in St. Louis (Physics) M.A.
Washington University in St. Louis (Physics) PhD
Postdoc (Physics) University of Tuebingen, Germany
University of Missouri, St. Louis (36 hrs. of math and education courses toward an M.Ed. â€“ straight Aâ€™s in upper-level math classes)

Policies
Hourly Rate: $40/hour for Students, 
$80/hour for businesses (industry, research labs, and private businesses for software engineering consulting/training/scientific programming/tutoring.)

You must provide a verified valid email address before any appointments will be scheduled (email invoices are utilized).
Rate Details:
No call - no show - hourly rate is charged. 
Minimum cancellation notice requirement: 5 hours
Tutor's lessons: Online only, by appointment only. No cost-free, first-hour lessons, demonstrations, or trials are provided. No 3rd party arrangements. Please try to schedule lessons at least 24 hours in advance. No test/quiz taking or test/quiz assistance, please.
Payment: (preferred) (1) BOA Zelle if you have a BOA account, (2) PayPal, Venmo, or google pay, (3) check, (4) Email invoice â€“ major credit cards or debit cards accepted and ACH.

Schedule (CDT or CST) (only a rough approximation)
Sunday	12:00 PM--02:00 PM	03:00 PM--12:00 AM
Monday	12:00 PM--02:00PM	03:00 PM--12:00 AM
Tuesday	12:00 PM--02:00PM	03:00 PM--12:00 AM
Wednesday	12:00 PM--02:00PM	03:00 PM--12:00 AM
Thursday	12:00 PM--02:00PM	03:00 PM--12:00 AM
Friday	12:00 PM--02:00PM	03:00 PM--12:00 AM
Saturday	12:00 PM--02:00PM	03:00 PM--12:00 AM

Subjects

Business:
Microsoft Excel, Microsoft PowerPoint, Microsoft Word
Computer:
C, C++, C#, python, computer programming, computer science, data structures and algorithms, FORTRAN (90,95 2003 possible), general computer, MATLAB, Java, JavaFX, Java Swing, C# (beginning), SQL (beginning), JS (beginning), PHP (beginning), HTML5/CSS3 (beginning), Unix, Linux, Microsoft Excel, Microsoft PowerPoint, Microsoft Windows, Microsoft Word, Microsoft PowerPoint, Microsoft excel, Unix/Linux shell scripting (bash, sh), regular expressions, vi, vim.
Corporate Training:
C++, Java, general computer, Java, Microsoft Excel, Microsoft Word, Microsoft PowerPoint, Microsoft excel, statistics, grammar, FORTRAN, UNIX, Linux
Elementary Education:
Elementary math, elementary science
Homeschool:
Algebra 1, algebra 2, AP calculus, geometry, AP physics, prealgebra, precalculus, statistics, reading, SAT math, AP Java, python
Math:
algebra 1, algebra 2, calculus, AP calculus, geometry, prealgebra, precalculus, probability, statistics, trigonometry, ACT Math, elementary math, SAT math, linear algebra, differential equations, advanced engineering mathematics, numerical analysis, complex variables
Science:
Physical science, university physics (physics with calc), college physics, elementary or middle school science, AP physics, mechanics, E and M, quantum physics, quantum mechanics

Former tutoring company stats and a partial list of feedback:
245 hours tutoring, 55 students
ratings: 5.0/5.0 (110)

â€œExcellent!
Very knowledgeable. Excellent service. Very professional. I would recommend Peter to anyone who wants a very smart and knowledgeable tutor. Thank you, Peter.â€
-- Mike, 3 lessons with Peter

â€œVery knowledgeable
Peter knows many different ways to approach things, and find the one that he is most knowledgeable with -very intelligent manâ€
-- Beckie, 1 lesson with Peter

â€œExtremely knowledgeable and patient...
He volunteers additional information about the discipline. His recommendations for additional reading were very useful. He has devised a very effective curriculum plan for my son.â€
-- Lori, 7 lessons with Peter

â€œKnowledgeable and patient tutor
He helped me better understanding C programming. He knew the subject and he was very patient. I would definitely recommend him for anyone taking a programming class.â€
-- Matt, 7 lessons with Peter

""Really patient and very knowledgeable about Bash Scripting""
-- Elizabeth

â€œFirst, I would like to thank Peter for being patient. I was having some trouble with my microphone and he was really patient with me. He is a great tutor. I had a hard time understanding what my Instructor was asking for the assignment. Peter explained the assignment in depth and made sure I got it. He takes extra time to make sure I understand. I can't wait for our next tutoring session. Thank you, Peter!â€
""Patient tutor.""
--unknown

â€œHe helped me learn about navigating in Vi editor in Unix and He answered my questions. He also made sure I if I had any more questions or needed any more tutoring.â€
-- Brenda

â€œKnowledgeable, patient, and proactive tutor!
Peter was the only tutor who reached out to me even if during the weekend. When we started having problems exchanging communications by XXXXXX, he proactively contacted me by phone. Considering that we live in different states, I considered it a great act of kindness and availability. He is extremely patient, and transmits, with calm confidence, that the goal will be achieved. In a moment so overwhelming, and full of homework to do, he was able to reassure me that I can do it. Overall, I could not be happier, and I strongly recommend him. I will definitely require his help for the rest of the course and for my future math classes. Two thumbs up!â€
-- Fabio, 6 lessons with Peter

â€œKnowledgeable C++ tutor
Very knowledgeable and uses visuals to help you see projects, very prompt and reliable and very reasonable rates. I recommend him highly.â€
-- Blair, 34 lessons with Peter

â€œBTW, Erika and I were both very impressed with how well you understood the assignment and at your very compact yet also simple, straight-forward coding style.â€
--not disclosed, Sept 25, 2017, 2 long lessons, continuing, 
feedback edited for grammar only (> 10 lessons)



â€œYou are a great tutor!â€ (verbal comment during an online session)
--Richard: May, 2018. HS senior, last semester, IB test prep in calc and physics. (>20 lessons)

â€œThanks a ton!!! Its nice to have a great teacher like you.â€
--Reshu, Sun, Sep 2, 2018	
â€œThank you very much for all your lectures.
Great work!â€
--Reshu, Sun, Aug 26,2018, Mother of tutored son (8th grade) in conceptual physics, geometry, trig, and calc. (16 lessons).

â€œYes, he likes GUI programming.  Looking forward to seeing him to write small programs with logical thinking!   Thanks again for your passions in teaching Jonathan Java! :)â€ 
--Jimmy:  July 3, 2018

 â€œThanks for updating his progress!    Moving on to the GUI for Tic Tac Toe would be interesting!   Regarding the future projects, he said to me that he will discuss with you on coming Friday.   Thanks again for your passion!â€ 
--Jimmy: July 17, 2018  
â€œFirst of all, I would like to thank you for teaching Jonathan 2 times a week over the Summer holidays, he has been having lots of fun in programming Tic Tae Toe and Hangman.â€ (Lessons will continue 1 X/week)
--Jimmy: Aug 29, 2018, Father of a 10th grader tutored in Java and Java FX.
As of December 13, 2020 (Jonathan: > 125 lessons)

â€œJust want to let you know that you are the best programming teacher ever. I have a very great consideration for you. I was so lucky to have gotten your contact.â€
-- Jean-Paul: Nov 7, 2018, C++ and Java student > 40 lessons

â€œThatâ€™s amazing what you did - can you go over it please tomorrow !!!â€
--Alan, Aug 2, 2018
â€œI think when I see how you do and you teach me, i am learning more that way.â€
--Alan, Aug 25, 2018, Grad student taking CS bridge course (C++, discrete math, data structs, OS, networking) (> 80 lessons)
--Alan: Nov 6, 2018: â€œThank you Peter.  I am learning so much from you, despite my struggles. I think you are the best computer science tutor and I hope you can tutor me for couple of years ahead.â€
--Alan: Dec 2019: â€œThank you Peter!  We had another productive year and I learned a lot with you! Letâ€™s do more learning next year.â€
--Alan: As of December 13, 2020, > 380 lessons

â€œVery well! Peter knows very well his subjects and helped our son so easily that we needed few lessons to troubleshoot. We are glad we have this option for the coming years of calculus, trigonometry, physics to come.â€ 
--Luisa: 5/26/20 in reference to her son (copied from AL). 

â€œJust want to thank you. Keani got an A in math this semester and it was a whole years worth of work!â€
--Adrienne/Keani: Honors Math 1/13/2021 â€“ 45 lessons as of 12/2020.

â€œThanks Peter. I wish I knew you when I was first learning Java.â€
â€œI really appreciate your help. In just two session, my stress level has come down to a manageable level :)â€
--Sylvia: Data Structures in Java student. 2/2021

""... you are a physicist and great programmer!""
â€œI think your debugging skills are really starting to rub off on me.â€
--Maiah 12/2020 Data Structures and Algorithms in C, Algorithm Analysis  â€“ More than 30 2-hr lessons as of 2/2021.

Lately:
(2021 so farâ€¦)
Coded the labs for a UAV course in control engineering using python. I learned a little about control. Helped with an advanced data structures class in java. Also helped with a data science type CS class (still not my cup of tea). Additionally had students in linear algebra, physics (1st year), AP-CS, diffyq, easy JS, java, C++, python, discrete math, and algorithm analysisâ€¦ Currently helping with a computer systems design class, AP-CS, C++ data structures, javaFX, PHPâ€¦

(December 2020)
There was a slight decrease in business due to covidâ€™s influence, but it was reasonable nevertheless. Tutored data structures and algorithms in C, C++, and java (4 students). Also tutored SQL (several students), C (several students), C++ (several students), MATLAB, JavaScript, and python. In math, there were several algebra-1 students (advanced or honors), and one college algebra student. Helped with digital fundamentals for Â½ of a quarter. Continued with a little CS tutoring online for Pearson.  

(June 2020)
Tutored a tough differential equations course, a linear algebra course, a discrete math course, and some calc 2. Also tutored, SQL, C#, C++, python, Java, C, Linux, Linux OS programming (threads and processes), PHP, html5, CSS, algebra, prealgebra, and a little python game programming. I helped some students with data structures and algorithms and Â½ of a computer organization course. Began part-time tutoring in computer science for Pearson.

Several of my HS students have graduated. They will major in CS in college. Most of my students are CS majors, engineering majors, or economics majors at various levels in university. Some of my students are children in middle school. One student is a professional DDS interested in CS. Received a $100 gift card from the parents of one student.

(Dec 2019)
Just finished this semester tutoring C, C++, Java, python, discrete math, MATLAB, CSS3, HTML5, physics, math, a little C# with asp.net (still learning), and a little SQL. I also tutored a little JS, but still learning that too. The C++ course also had a little MFC with visual studio. My students were primarily college students, an experienced DDS, a seventh grader, 9th grader, and several HS students.

Consulting in C++ with Adept PD LLC was ended due to dubious practices on the part of Adept. Some schools, including junior colleges, are giving difficult or unreasonable (more difficult than the course level requires) homework assignments, presumably to reduce the student CS population.

(Spring, 2019)
I have tutored data structures in C, C++, and Java â€“ multiple times in C++ and Java. There have been many Java students and C++ students, along with occasional C student and MATLAB students.  I helped a student with a bridge course for students with a bachelorâ€™s degree not in CS to enter a MS program in CS or a branch of CS (IT or cyber security). One of my HS JavaFX students is changing to ASP.NET C#. A young student of mine has left the country. I am a software engineering consultant in C++ for an industrial company, which will end soon since the project is essentially finished. My DDS CS student is now focusing on web development for the Summer. My cardiologist python student is on break, waiting for another cardiologist to be hired. Currently I am tutoring and learning JavaScript, CSS3, and HTML5.

(The following was written Jan, 2018.)
One of my recent students (Sheldon of VA) always said he learned more from me than his professor for his graduate level physics class.

One of my current students (Khailen of VA), in 6th grade, only needs me to help prepare for math tests. He only needed 4 or 5 regular sessions to become clear with his mathematics.

Most of my Unix/Linux bash scripting students get 1 lesson and are content. One (Eric) has returned for 1 lesson again after 3 months. Once it is clear on how to approach these programs, there is no longer any need for tutoring.

My MATLAB student (Lara from MI and my C++, MATLAB, and python student (Melky) student both got A+â€™s.

Please contact Me: Contact Me Now!
","[40, 80, 40, 10, 40, 30, 40, 80, 100]",2022-01-08,9,[113]
2021-12-30T20:43:32-0800,https://sfbay.craigslist.org/sfc/lss/d/san-francisco-online-algebra-class/7426923257.html,,Nob Hill,San Francisco,sf_bay_area,"




I'm a professional, NTA certified math tutor with nearly a decade of experience, including two years fully online.

Over time, I've developed a special passion for teaching algebra (usually 8-12th grade). Teaching algebra EXCLUSIVELY, I'm able to offer huge advantages, including a developed curriculum, polished presentation, and affordable group lessons. By specializing my efforts, I've committed to providing the best possible value for you and your algebra student.

Algebra is the most vital subject in mathematics, and the biggest hurdle for many students. It requires mathematicians to recall and combine all fundamental skills, while constantly introducing abstract concepts. Any gaps or weaknesses in algebra are critical obstacles.

Teaching Philosophy
My job is to help students achieve lifelong success as mathematicians. Dialogue and immersion lie at the heart of my teaching philosophy. Through constant dialogue, your student will learn how to SPEAK math, and understand it when spoken. An articulate math student will easily comprehend lectures, ask pertinent questions, and generally stay ahead of the class. By immersing in private lessons, students gain the momentum necessary to excel. Group lessons engage students in a social structure which rewards their interest and skill in math.

Individual Lessons
One-on-one lessons focus on improving fundamental (prealgebra) skills, and covering algebra topics that students may have missed in class. I have my own materials and methods, refined through use, and individual lessons can be catered to each student based on their school's exact curriculum. Once a strong foundation has been formed, students are encouraged to join group lessons.

Group Lessons ($25/1hr)
Research shows that consistent, intimate group study with close guidance yields massive results. Working in pairs and teams, your student will discuss concepts, solve problems, and explain their understanding to the group. Developing social skills while navigating difficult concepts builds profound confidence, and naturally sparks interest in math.
*HIGHLY ENCOURAGED*


I teach virtually using Zoom, online platforms, and my own materials to deliver impactful lessons. Progress is tracked and shared with parents via regular email updates. Students can also upload materials for help with class progress.

Group lessons are curated, and not always available.

Individual lessons starting at $45
Group lessons $25

First session free    ","[25, 45, 25]",2022-01-08,3,[285]
2021-12-30T17:31:58-0800,https://sfbay.craigslist.org/sby/lss/d/mountain-view-math-tutoring-available/7426884450.html,,Mountain View,South Bay,sf_bay_area,"




Hello,

I am an engineering working professional in the aerospace industry looking to offer math tutoring services to middle school, high school, and college students. I used to tutor undergraduate students at UC San Diego for over four years and want to continue to work with students to improve their learning outcomes and academic achievements. Please see below for more information on sessions and rates.

Pre-Algebra: $35/hr
Algebra I: $35/hr
Algebra II: $40/hr
Geometry: $40/hr
Pre-Calculus: $55/hr
Calculus I and II: $80/hr

Sessions will be conducted on Zoom.

My availability:
Monday - Thursday 4pm - 9pm (PT)
I am flexible with my schedule so please let me know what works best for the student.

Thanks!    ","[35, 35, 40, 40, 55, 80]",2022-01-08,6,[135]
2021-12-10T15:03:53-0800,https://sfbay.craigslist.org/eby/lss/d/berkeley-econ-math-tutor-available-for/7419190613.html,,Berkeley,East Bay,sf_bay_area,"




Former UC-Berkeley economics Ph.D. student and TA offers virtual tutoring for undergraduate and secondary school economics and math classes. Rush notice and latenight availability may be available. 

Undergraduate rates: $45/hour for lower division courses and $55/hour for upper division courses. 

Secondary rates: $40/hour for regular classes, $50/hour for AP/gifted classes.

Full payment is required at the beginning of the lesson.    ","[45, 55, 40, 50]",2022-01-08,4,[146]
2021-12-17T10:38:11-0800,https://sfbay.craigslist.org/pen/lss/d/burlingame-certified-ap-sat-act/7421997320.html,,Hillsborough,Peninsula,sf_bay_area,"




Park Tutoring 


One on One Tutoring with Our Certified Tutors! 


*****Our tutors are attending or have degrees from colleges such as Harvard, Stanford, Columbia, University of Pennsylvania, University of Chicago, Brown, Dartmouth, USC, Georgetown, UC Berkeley, UCLA, UCSD, UCI, and etc.


Reach out to Director Park at (949) 490-0872 


â­EASY SCHEDULING:â­


Instant Scheduling Available!


Website: www.park-academy.com
Text/Call: (949) 490-0872
Rate:
$65/hr for AP Classes, Honors Classes, IB Classes, Math III, Pre-Calculus, High School Science, College Courses, and Test Preps
$55/hr for All other classes from K-12
We may have a different pricing if the subject is not common*


Subjects we tutor include but are not limited to:


(If you can not find subjects that are listed here, please reach out to us to request tutoring on a specific subject)


All K-12 Subjects (We listed examples of subjects we tutor)


Mathematics:


Pre-Algebra
AP Calculus AB
AP Calculus BC
Algebra
Algebra I
Algebra II/Trigonometry
Calculus I
Calculus II
Calculus III
Geometry
Differential Equations
Elementary Math
Finite Mathematics
Integrated Math 1,2,3,4
Pre-Calculus
Statistics

English:

All AP English +
Essay Writing
Literature
Proofreading
Grammar
Editing


Sciences:
Anatomy & Physiology
Biology
Biochemistry
Chemistry
Elementary Science
Earth Science
Organic Chemistry
Physical Chemistry
Physics
Microbiology

Middle School/High School Test Prep:
ISEE
SSAT
SAT
All SAT IIs
ACT

AP Exams
AP Research
AP Seminar
AP Art History
AP Biology
AP Calculus AB
AP Calculus BC
AP Chemistry
AP Chinese Language and Culture
AP Computer Science A
AP Computer Science Principles
AP English Language and Composition
AP English Literature and Composition
AP Environmental Science
AP European History
AP French Language and Culture
AP German Language and Culture
AP Government and Politics (Comparative)
AP Government and Politics (US)
AP Human Geography
AP Italian Language and Culture
AP Japanese Language and Culture
AP Latin
AP Macroeconomics
AP Microeconomics
AP Music Theory
AP Physics 1: Algebra-Based
AP Physics 2: Algebra-Based
AP Physics C: Electricity and Magnetism
AP Physics C: Mechanics
AP Psychology
AP Spanish Language and Culture
AP Spanish Literature and Culture
AP Statistics
AP Studio Art Drawing
AP Studio Art 2-D Design
AP Studio Art 3-D Design
AP US History
AP World History (Modern)

Graduate Exams

GRE
GMAT
MCAT
LSAT

And Moreâ€¦ (We hire tutors with different specialties based on our students' academic needs, so we are able to provide tutoring for any subject on demand.


â­EASY SCHEDULING:â­ 

Instant Scheduling Available!

Website: www.park-academy.com
Text/Call: (949) 490-0872
Rate: Starting at $55/hour! ","[65, 55, 55]",2022-01-08,3,[174]
2021-12-14T09:32:29-0800,https://sfbay.craigslist.org/sby/lss/d/san-jose-20-hr-ms-phd-tutoronline-11-12/7420687913.html,,Entire Bay Area,South Bay,sf_bay_area,"




Please visit us at www.sharpmindclasses.com 
Please feel free to text/call us at (650) 398-9490.

About Us:

At SharpMind Classes Inc, we are an experienced team that includes hand picked tutors and founders from IITs/Stanford dedicated to personalized 1:1 online tutoring. All our tutors have a Master of Science and/or a PhD degree in respective disciplines. All our tutors have  >5 years of experience  with online tutoring and helping students succeed in achieving their academic goals. 

Our online courses are designed to give students an excellent grasp of concepts in respective subjects with a focus on strong foundation building and practice based learning. We use state of the art audio/visual tools (Skype/Zoom/Google Meets/Whiteboard) to have a seamless online tutoring experience. 

Class room teaching uses one-size-fits-none approach and is not ideal for students with wide range of learning pace and abilities. It ends up overwhelming some students or causing boredom and thus reduced interest in others. We customize your tutoring plan based on the results of an assessment to define the content and pace of tutoring to your individual needs. Comprehensive assessments and worksheets are also used to define the baseline competency at the beginning of tutoring, to build confidence and test taking skills and to periodically demonstrate sustained progress.

References can be provided upon request.

Rates:

Our rates are:

* $20/hr for K-8
* $25/hr for high school
* $30/hr for college
* $30/hr for HSPT/TASC/COOP, SAT/ACT, GMAT and GRE. 

First class is free for you to assess a good fit with the tutor.

Tutoring Subjects:

We offer online tutoring in the following subjects:


Competitive Exams:

â€¢	HSPT 
â€¢	TASC 
â€¢	COOP 
â€¢	SAT 
â€¢	GRE 
â€¢	GMAT 

Math:

â€¢	Grades K-12 Math
â€¢	Algebra 1 (Beginning), 2 (Intermediate)
â€¢	College Algebra
â€¢	Geometry
â€¢	Precalculus
â€¢	AP Calculus: AB and BC
â€¢	Calculus I: Differential Calculus
â€¢	Calculus II: Integral Calculus
â€¢	Calculus III: Multivariable Calculus
â€¢	Common Core: Math 1, Math 2, Math 3

Science:

â€¢	Grades 1 â€“ 10 Science.
â€¢	Chemistry
â€¢	AP Chemistry
â€¢	College General Chemistry
â€¢	Biology
â€¢	AP Biology
â€¢	College General Biology
â€¢	Physics
â€¢	AP Physics 1 and 2
â€¢	AP Physics C: Mechanics
â€¢	AP Physics C: Electricity & Magnetism
â€¢	College General Physics

Humanities:

â€¢	Grades 1 â€“ 12 English Composition and Writing.
â€¢	AP Economics
â€¢	AP World History 

 If you have a question about possible subjects to tutor in, please contact us with your contact information and we will promptly reply. Please feel free to text/call us at (650) 398-9490. ","[20, 25, 30, 30]",2022-01-08,4,[188]
2021-12-17T21:26:50-0500,https://newyork.craigslist.org/mnh/lss/d/new-york-experienced-tutor-online-math/7422186457.html,,Greenwich Village,Manhattan,new_york,"




Learn better, faster - and have more fun doing it!


Experienced Teaching Professional
-----------------------------------------------
I have been pursuing continual learning and teaching since graduating college, tutoring full time since 2017 and part time since 2008. I have always had a passion for learning, but I fell in love with teaching in high school. I have been loving it ever since: now I have over 12 years of tutoring experience with 300+ students. 

I've tutored for a number of professional organizations (e. g. https://www.gradepotentialtutoring.com, http://www.stemivy.com, Walnut Hills Alumni Association, OSU Young Scholar Program to name a few) but I now do most of my tutoring privately.

I teach a wide variety of subjects and students of all ages: engineering students, college students in multivariable calculus and calc-based physics (my favorites), grade school students with ADHD, high school students in AP classes or ACT/SAT prep, etc.

My focus is developing an understanding from the deepest roots of a concept to its sun and sky. I do NOT preach memorization or repetition. My students tell me that Iâ€™m easy to get along with, and always have a new way to explain an idea that isn't making sense. 

I consistently see a significant improvement in my studentsâ€™ grades - part of what makes my job so satisfying! I am passionate about making learning as easy and enjoyable as possible.


Proven Academic Success
---------------------------------------
I received a full scholarship to University of Cincinnati and held a 3.8 GPA through my masterâ€™s program in aerospace and mechanical engineering, graduating magna cum laude.
-99th percentile score on PSAT, SAT, and ACT
-Awarded the National Merit Scholarship
-35/36 ACT Math, 36/36 ACT Science
-5/5 on the AP Calculus BC and AP Physics C exams
-Ranked in state math and science competitions

I have helped countless students to exceed their own expectations with their grades and test scores. I can help beyond just knowing the material, but with strategies and time management techniques to test with confidence.


The Tutoring Experience
--------------------------------
I use a fantastic free whiteboard website (check out â€œbitpaperâ€) along with an artist tablet that allows me to write and draw.

It's super easy:
Snap screenshots or pictures of your assignment or study materials
Drag and drop onto the whiteboard
We video or audio chat while we write, draw, graph and collaborate on solutions. 

All of our notes are autosaved, organized, and available to you forever.


Rates and Scheduling
-------------------------------
I offer lower hourly rates for longer sessions:

1 hour 20 min-------$100
1 hour 40 min-------$115
2 hours---------------$130
>2 hours-------------$65/hr

Take $30 off your first session, and $60 off when you refer a new student to me. If you are not satisfied with the quality of help you receive, it's free. 

I prefer communication by call or text, but email is fine too. Let me know if I can help you!! Please feel free to ask me for student and teacher references!


Reviews
------------
""Eric is very knowledgeable, has been able to connect our daughter to the material in a way that makes her excited to be learning, and has a GREAT attitude! In other words - the perfect tutor! If you hire him he'll reset the bar for what a tutor can be.""
-Andreas D.

""My tutoring experience with Eric has been great. Heâ€™s very knowledgeable and patient. I felt very comfortable with him and he knows how to explain math in plenty of ways to make it easy to understand. Math has always been the most difficult subject for me, but when I met Eric I gained a better understanding and my first ever A on my final exam!""
-Teonna C.

""Eric was my student in high school. He was the top student in the most demanding math course we offered at the time: AP Calculus BC. Not only was he a brilliant and diligent student, he also took first place in our math team competition. Eric is dependable, caring and well liked. He has the personality and intelligence to do absolutely anything he wants. Kids will love his energy and sense of humor. Students seeking help will be hard pressed to find a better candidate.""
-Susan C.


--------------------------------------------------------

Even if you don't see your subject listed here - ask me about help with your university graduate or undergraduate engineering, math, or science courses.

--------------------------------------------------------



Keywords:
science algebra statistics chemistry geometry pre-calculus precalculus precalc pre-algebra electricity and magnetism E&M circuits statics dynamics vectors mechanics polar cylindrical integrals derivatives trig trigonometry 1 calc 2 3 I II III A B C AB BC senior junior sophomore freshman 12th grader 11th grade 10th 9th advanced placement test exam university college private teacher one-on-one school help

Community Colleges
Borough of Manhattan Community College
Bronx Community College
Guttman Community College
Hostos Community College
Kingsborough Community College
LaGuardia Community College
Queensborough Community College
4-Year Colleges
Baruch College
Brooklyn College
City College of New York
College of Staten Island
Hunter College
John Jay College of Criminal Justice
Lehman College
Medgar Evers College
New York City College of Technology
Queens College
York College
Honors College
CUNY William E. Macaulay Honors College
Graduate Colleges
CUNY Graduate Center
CUNY Graduate School of Journalism
CUNY School of Law
CUNY School of Medicine
CUNY School of Professional Studies
CUNY School of Public Health
State University of New York
Fashion Institute of Technology
SUNY College of Optometry
SUNY Downstate Medical Center
SUNY Empire State College (The Harry Van Arsdale Jr. Center for Labor Studies)
SUNY Maritime College
Private Institutions
Albert Einstein College of Medicine
American Academy of Dramatic Arts
American Academy McAllister Institute
American Musical and Dramatic Academy
ASA College
Bank Street College of Education
Bard College Graduate Center
Barnard College
Berkeley College
Boricua College
Brooklyn Law School
Christie's Education
College of Mount Saint Vincent
Columbia University
Teachers College
Union Theological Seminary
Columbia University School of General Studies
Cooper Union
Cornell University
Cornell NYC Tech
Weill Cornell Graduate School of Medical Sciences
Weill Cornell Medical College
DeVry University
Keller Graduate School of Management
Fordham University
Frank G. Zarb School of Business at Hofstra University[1]
General Theological Seminary
Gerstner Sloan Kettering Graduate School of Biomedical Science
Hebrew Union College
Helene Fuld College of Nursing
Icahn School of Medicine at Mount Sinai
Jewish Theological Seminary of America
The Juilliard School
The King's College
Laboratory Institute of Merchandising
Long Island Business Institute - Flushing
Long Island University
Mandl College of Allied Health
Manhattan College
Manhattan School of Music
Marymount Manhattan College
Mercy College
Metropolitan College of New York
Monroe College
The New School
Eugene Lang College The New School for Liberal Arts
The New School College of Performing Arts
The Schools of Public Engagement at The New School
The New School for Social Research
Parsons School of Design
New York Academy of Art
New York Conservatory for Dramatic Arts
New York Film Academy
New York Graduate School of Psychoanalysis
New York Institute of Technology
New York Law School
New York School of Interior Design
New York Theological Seminary
New York University
Gallatin School of Individualized Study
New York University Polytechnic School of Engineering
New York University School of Law
New York University School of Medicine
Tisch School of Arts
Nyack College
Pace University
Pacific College of Oriental Medicine
Phillips Beth Israel School of Nursing
Plaza College
Pratt Institute
Rabbi Isaac Elchanon Theological Seminary
Richard Gilder Graduate School - American Museum of Natural History
Rockefeller University
School of American Ballet
School of Visual Arts
St. Francis College
St. John's University
New Brunswick Theological Seminary
St. Joseph's College
Sotheby's Institute of Art
Swedish Institute of Massage Therapy
Touro College
Vaughn College of Aeronautics & Technology
Wagner College
Yeshiva University
Benjamin N. Cardozo School of Law
Bronx High School Of Science Syosset Stuyvesant Queens High School For The Sciences At York College Scarsdale Senior High School Of American Studies At Lehman College Townsend Harris Bronxville Staten Island Technical Horace Greeley Staten
","[100, 115, 130, 65, 30, 60]",2022-01-08,6,[250]
2022-01-06T03:48:21-0500,https://newyork.craigslist.org/mnh/lss/d/trenton-cal-tech-tutor-mentor-hr/7429255793.html,,Chelsea,Manhattan,new_york,"




Experienced tutor available for , Stocks (trading, investing, fundamentals vs technical), Math (pre-algebra, algebra, calculus, statistics), Science (biology, genetics, biochem, chem, organic chemistry, physics), English, Language Arts, Literature, Writing, SAT prep, and TOEFL prep.

I'm looking to start a high school Stock Market competition team (Wharton stock market competition). 

Recently I had a student pilot my SAT Prep program and he improved his score by 150 points (1250-1400). I'm taking it beta! Please ask.

I mentor students in scientific olympiads (chemistry, math, biology, physics), financial competitions (stocks) and entrepreneurship (diamond challenge). Please ask.

I also have coding projects in Pymol, Schrodinger, ChemDraw (scientific) employing interdisciplinary languages using Python, C++, and Linux. Please ask. 

I am also a certified financial planner in training (virtual startup with colleagues) as I manage 6 retirement portfolios in my spare time. I specialize in mainly stocks, bonds and money market accounts. Please ask.

I have tutored for more than 6 years working with all ages, from kindergarten through college graduate level. Also, assistance offered helping to write or edit research papers, essays, letters, scripts, screenplays, novels, short stories, and legal or other professional documents.

About me: I'm a researcher/phD candidate at the California Technical Institute in the Department of Chemistry. My bachelor's degree is in Chemistry & Biochemistry (2013) and a masters coursework in Analytical Chemistry (2014). I have worked as a scientist at various companies and academic institutions.

My rate is $50 for one hour ($50/hr), $280 for 8 hours ($35/hr), $360 for 12 hours ($30/hr), and $500 for 20hr ($25/hr). These deals must be completed in a specific amount of time. This includes travel to your home, local library or local coffee shop. Outside a 10-mile radius, a small surcharge may apply. Buy more, save more. Comparable tutors charge anywhere from $55-70/hr so there is big savings with me. I can also work with you remotely from my home via email, webcam, skype or Google docs for a $30-35/hour flat rate.

Thank you, and I look forward to hearing from you!


Call me for a free consultation at 714.425.3828
","[50, 50, 35, 30, 25, 55, 30]",2022-01-08,7,[385]
2021-12-28T13:24:56-0800,https://losangeles.craigslist.org/sgv/lss/d/newhall-online-math-tutor-algebra/7425988570.html,,None,San Gabriel Valley,los_angeles,"




Hello, Iâ€™m Lonzo an online math tutor. Iâ€™ve been tutoring math online/ in person for about five years. I graduated from University Of California Riverside with bachelor of art in economic and a minor in math. Here are the courses that Iâ€™m confident and have many years of experience: calculus 1, business calculus, precalculus, trigonometry, college algebra, intermediate algebra, algebra 2, middle school algebra, and anything below. I donâ€™t do statistic since I never took the course in college. Since, I live in Southern California I can only tutor math online.

How much is my services? The first hour is always free for all math courses. After that itâ€™s $25 an hour for college algebra and below, $30 an hour for precalculus/trigonometry, and $50 an hour for calculus 1 and business calculus. I also offer monthly subscription starting at $50 per month with monthly subscription you get a max of 2 days per week, one hour per day thatâ€™s a potential 8 sessions per month. Cancel or enroll any time there are no cancellation fee. Since the subscription plan is very popular, and itâ€™s only me who is tutoring( no third party) space can be limited so please sign up now. For payment I accept: paypal, zelle, or payment on website is fine.

Is online math tutoring worth it, is it like real thing? Yes, online math tutoring is worth it, and itâ€™s exactly like in person tutoring. Itâ€™s a share screen process, I will go over the assignment or anything you want to go over step by step using annotation mode( I write on your screen) or I can do each problem using my zoom online whiteboard. If the schoolwork isnâ€™t online just email or text me the problems, and I will go over each problem using my zoom online whiteboard. You will see every step for each problem.

What do I need for online math tutoring? 1) computer with wifii, 2) microphone( usually built into newer computers), 3) valid email to send zoom link( donâ€™t need a zoom account), 4) the drive to learn

How do I make my first free appointment? You can make your first session at my website at https://www.lonzosmathtutoring.com/ or directly with me via text or phone at 951-795-5027 Mon-Sun 7am-11pm pacific time. Due to heavy traffic please schedule your first free appointment online.    ","[25, 30, 50, 50]",2022-01-08,4,[445]
2022-01-04T09:25:12-0800,https://sandiego.craigslist.org/csd/lss/d/poway-experienced-math-tutor/7428523461.html,,San Diego North And Central County,City Of San Diego,san_diego,"




Hi, this ad is for in Person and Online Tutoring. 

 I am John and I would like to help you with your math tutoring needs. I can tutor you middle school, high school and college Math. I specially tutor: Algebra, Geometry, Trigonometry and Calculus. However I do not tutor statistics.

I am vaccinated against covid-19 and we can safely meet in person while online meetings through Skype or zoom are also available.

In home tutoring is available in special cases.

I have a Bachelor degree in Mathematics and I have been in tutoring business for more than 20 years. I have had countless number of satisfied students.

I live in Poway but I can travel to most of San Diego County locations. We can meet at a local library or Starbucks .
The Starbucks at: 7610 Hazard Center Dr. is my favorite coffee shop because most people find it easy to commute there from their locations all over San Diego. Meanwhile students in North county(Escondido/San Marcos) can meet me in the Starbucks near CSUSM: 342 S Twin Oaks Valley Road in San Marcos. Any other Starbucks works as well.

Online tutoring will happen through preferably Skype but zoom is also available. Online tutoring needs some adjustments before the session begins.

Here are my rates: 

1 hour session:       $30
1.5 hours session:   $40
2  hours session :    $50

Please text or call me to schedule the first session. My number is: (619)735-2579.



","[30, 40, 50]",2022-01-08,3,[501]
2021-12-21T08:59:39-0700,https://phoenix.craigslist.org/evl/lss/d/scottsdale-tutoring-for-elementary/7423492492.html,,Gilbert,East Valley,phoenix,"




Hello, my name is Austin. I graduated Summa Cum Laude from SCC with degrees in both Arts and Science. Currently I am a Senior Biochemistry student at ASU. I work from 3pm-7pm weekdays as a professional tutor at a local K-12 tutoring center. In order to get more hours, I tutor math and science privately. I am a VERY good tutor, and my tutoring services will be effective in raising your child's grades. 

Courses I am currently tutoring:

Elementary School Math
Middle School Math
High School Math
Pre-Algebra
Algebra
Geometry 

Middle School Science
High School Science
Chemistry
Biology
Physics

I charge $20 an hour for tutoring online over Zoom, and $30 an hour for in-person tutoring.

My girlfriend Sabrina used to be a professional tutor, so sometimes she will help out if I have too many students. She also charges $20 an hour for tutoring online over Zoom, and $30 an hour for in-person tutoring.

In the first session, I will assess what the student needs help learning. Most of the time students have more holes in their understanding than what parents or teachers realize. For instance, I might have a student come to me asking for help with geometry, but I quickly realize that they struggle with negative numbers, decimals, and multiplying fractions. My goal is to not only help the student with their current coursework, but to also catch them up on the foundational skills they are lacking. Not only do I want to help students earn good grades while in school, I also want to see students turn into mature adults with the skills necessary for handling money, calculating interest, determining the unit price of items at the grocery store, etc. 

I work with kids of all ages, personalities, and previous backgrounds. If you are unsure if I would be the correct tutor for your child, don't hesitate to call or text me. With more information about your specific needs, I will be able to tell you exactly how I can help your child.

Look forward to hearing from you!
Austin    ","[20, 30, 20, 30]",2022-01-08,4,[567]
2021-12-20T14:15:33-0600,https://dallas.craigslist.org/dal/lss/d/arlington-tutoring-lessons-in/7423210219.html,,None,Dallas,dallas,"




ğŸ–¥ Learn Computer Programming! ğŸ–¥
With One-on-One Tutoring or Courses
My name is Alexander Farrell, and I offer convenient and effective tutoring & courses in programming over Zoom. I also have a website with free guides!
I offer tutoring to students in College or University, or those going through bootcamp programs. I can also help you learn how to build apps, games, and websites! I also offer assistance for personal projects as well. It may seem intimidating to learn how to code, but I can help! Please contact me, or visit my website to begin learning.

ğŸ›  One Hour Session - $25 each: calendly.com/alexander-crash-courses/1-hour-lesson
ğŸ›  Two Hour Session - $50 each: calendly.com/alexander-crash-courses/2-hour-lesson
ğŸ“± Phone: (714) 794-5693 (Call or Text)
âœ‰ï¸ Email: courses@alexanderfarrell.com
ğŸŒ Website - www.alexanderfarrell.com/courses 

Tutoring in Programming ğŸ“
I offer tutoring in several languages and topics, including Python, JavaScript, HTML, CSS, Java, C++, C#, SQL and much more for $25 an hour. If a class is a bit difficult, material isn't covered, or you otherwise would like help, let's get in contact. 

Build Apps, Games and Websites ğŸ¨
I also offer courses teaching students how to build apps, games and websites. I will guide them in planning, creating, testing and even deploying/publishing their projects. I don't just teach how to code, I'd like my students to actually apply and find use out of what they learn. 

Get One-on-One Help ğŸŒ³
My students have the opportunity to ask questions, and I adapt the courses to them. I believe in my students, and want to see their brilliant talents flourish. We will regularly discuss what areas in particular you or the student are most interested in. Also, if there are areas you are already familiar with, we can focus on areas which may be unfamiliar or which you would like to learn. I respect your time, and appreciate your business.

Learn & Use Several Technologies ğŸ’»
My students can learn several technologies such as Databases, Web Browsers, Servers, Version Control, Shaders, npm, NodeJS, Unity and more during their courses. They don't just learn how to code, they learn how to use it too. They learn what tools already exist for common needs.
Schedule at Your Convenience ğŸ“–
My students may either set up a regular time(s) each week, or schedule a course as needed. You may schedule online, over text, over a call, or over email. Pick whichever works best for you!

Learn Together ğŸ“š
If you are a parent and would like your child to learn how to code, you are welcome to join in on any of the lessons! You may be present in the background, or even learn alongside your child at no extra cost. One of my goals is to make courses in computer programming more affordable for parents, and to make it more accessible for your whole family, including you! Please reach out too if there is any way I can best assist you!

Disclaimer
While I offer assistance in many languages, I do not take tests for them, or just do their work for them.
If you are having trouble understanding what's going on in a class, or feel you might not be able to learn the material, please reach out and we can discuss! I'm here to help. Programming may seem intimidating at times, but I love seeing students overcome hurdles and succeed.
Thank you for your time, and I look forward to helping you! 



















python javascript code coding program programming course lesson tutor lessons learn learning computer tech IT app developer development application game video game statistics website site script scripting server client zoom one on one documentation schedule calender language computer science concepts design crash course tutorial coding nodejs node html css browser web deploy data structure debug debugging frontend backend fullstack jquery typescript string int float complex list tuple range str bytes set dict and or not __init__ def class self calender collections types type enum math random os io time json turtle cmd audio video visual graphics command line sys iterator bool boolean array date error function math number object map set ecma closure lambda promise async callback infinity nan undefined null parse typeof try catch exception xhtmlrequest fetch dom body canvas webgl webgl2 localstorage local storage calendly assist assistance get help lesson lessons class function method variable int float double collection array list dictionary set  ","[25, 50, 25]",2022-01-08,3,[629]
