date_posted;price;city;subregion;region;post_text;posts_scraped_on
2021-12-23T07:47:26-0800;60;Sacramento;None;sacramento;Serving all of the Sacramento area in Facetime and Zoom tutoring*Math*Physics*Chemistry*Algebra*Geometry*Pre-Calc*Calculus*Thermodynamics*Statics, Dynamics*Fluid Mechanics*Several other Engineering courses| ----- My Educational Background and Experience ----- |Dos Pueblos Engineering Academy Class of 2008.Cal Poly Mechanical Engineering BS 2013.Have my Fundamentals of Engineering Certificate in Mechanical Engineering.*AP Physics-Score 5*AP Chemistry-Score 5*AP Calc*4 Calc Classes at Cal Poly*2 Linear Analysis at Cal Poly| ----- Rate ----- |$60/hr and 1 hour minimum sessions. 24 hour cancellation policy: If you cancel within 24 hours, you will be charged for 1 hour and I will credit you 1 hour next session.Please text to schedule. 805-705-five7two1. Include your name and 2 example photos of problems from the class.-Rick    ;2021-12-23
2021-12-14T08:44:32-0800;57;Sacramento;None;sacramento;BlakeTutoring.comOVER 450 5-star reviews on Wyzant & Thumbtack1 hour sessions for only $5730 minute sessions for only $35Text/Call: 724-804-8356Hi, my name is Alexander Blake, and I have been tutoring for over 10,000 hours! I graduated with a Bachelor's in Computer Science from California State University, Fullerton. In my time tutoring, I have tutored elementary through graduate level students.I have successfully prepared students for SAT and ACT Math tests, and up to Calculus level work. In high school, I was in an accelerated math program where I was able to take AP Calculus AB my junior year, and AP Calculus BC my senior year. After taking the AP Calculus AB & BC Exams, I scored a 5 out of 5 on both tests. This allowed me to not only begin my higher-level math courses early in college but has also enabled me to keep my math skills refined, and graduate with a 3.8 GPA.My tutoring philosophy focuses on the individual. I like to know what each of my clients likes to do outside of school so I can relate the math concepts they are learning about things they enjoy doing. To accomplish this, I personally design my lesson plans and customize them to my client's personality. For example, if I have a student that plays basketball, I will have them solve problems that incorporate concepts of basketball, such as finding a team's field goal percentage. By focusing on each person uniquely, I am able to fully understand why the student is not grasping certain concepts and can help them understand concepts and terms they are already familiar with. This is why all of my students have been and will continue to be successful!Math: Algebra I/II, Calculus (AP AB & College Level), Common Core, Geometry, Precalculus, Statistics (AP/College Level), & TrigonometryComputer Science: AP CS A/Principles, C/C++, CSS, HTML, Java, JavaScript, Linux (Bash/Zsh), Python, & SQLTest Preparation: ACT (All Sections), ASVAB, GED, HiSET, & SAT (All Sections)Text/Call: 724-804-8356 ;2021-12-23
2021-12-06T11:30:33-0800;30;Sacramento;None;sacramento; MATH TUTORING  Call or Text (530) 645-3554 or go to bestmathtutoring.com for more info. ONLINE TUTORING AVAILABLE! ALGEBRA 1 and 2STATISTICS (Intro and Advanced)CALCULUS 1 and 2BUSINESS MATHFINANCEACCOUNTING  GEOMETRY TRIGONOMETRY MyMathLab EXCEL SPSSSTATCRUNCHSTATISTICAL CALCULATORS AND SOFTWARE  + MORE... Call or Text (530) 645-3554 to schedule a session or go to bestmathtutoring.comI have over 10 years of experience tutoring Math. People consistently use my services to pass their math class! I charge $25/hr if we meet near CSUS.  $35/hr if I go to you. Online tutoring is $20/hr ;2021-12-23
2021-12-05T21:53:04-0800;60;None;None;sacramento;Qualified Middle School teacher (licensed in both California and Hawai'i- with over 12 years of experience) offering virtual one-on-one Math tutoring via Zoom to support students with their specific academic needs. Price per session begins at $30. Please contact me for more information and to schedule a free consultation.Session Options/Pricing:Initial Consultation (Free)30-minute session ($30)60-minute session ($60)90-minute session ($90);2021-12-23
2021-12-04T17:52:32-0800;55;Sacramento;None;sacramento;Hello:If you feel that you need support in preparing for an exam in Nursing/Pre-nursing Math and Dosage Calculations, I can help you through providing you with high yield problems, together with solutions and discussions, pertinent to the exam that you are preparing for. This is a targeted approach, quite different from tutoring. I will be presenting to you material that I think you should know very well before you sit for your exam. This can be done by:1) meeting in person, if you are in the Fresno area.2) zoom sessions if you are not in the Fresno area, or you are, but you prefer not meeting in person.3) sending you the problems with solutions and discussions as e-mail attachments. If you opt for zoom sessions, it will include a presentation/discussion using a hand-held white board. But to make the session most effective, I will still send you the problems with solutions and discussions as e-mail attachments prior to our zoom meeting. This way you have a tool that you can use to follow our discussion, and also to keep with you to study. Additionally, with this approach, we will be able to minimize time lost in reading/writing non-essentials.For this effectiveness enhanced zoom session, ** I will need to have the problems/questions 2-3 days prior ** to our meeting.** Important: Please contact me ** well ahead of exam day (i.e. 2-3 days in advance) ** so that I can prepare the best and most helpful material for you. My goal is for you to go to your exam well prepared with sample categories of problems and their solutions to the point where you have no surprises in the exam questions.** The fee for a 90-100 min session is $55.** The fee is expected to be paid before starting the session.*** My Preparation:++ Ph.D. M.S. B.S. (Biology/Chemistry) University of California, Davis++ School of Medicine - Basic Sciences : 1 year: Histology, Biochemistry, Biophysics, Physiology++ DM-Th - Doctor in Medicine - Theory - Self awarded, subsequent to 7 years of self study of Medicine - Theory++ 8 years postdoctoral researcher and publisher++ 5 Summers: Lecturer, The Ohio State University++ 6 years Instructor Sherwood Test Prep, Fresno, CA++ 8 publications - One Novel math method for research in physics and chemistry++ 29 years of private instruction Chem-Physics-Math - MCAT - GMAT - GRE - USMLE (Topics) - MS, Ph.D. Nursing(1000 students) Zareh Darakjian, Ph.D. M.S. B.S. (honors) University of California, Davis, DM-Th [Self education]zdarakjian@gmail.com(559) 709-2022 (for initial contact, please text or e-mail me).    ;2021-12-23
2021-11-29T08:58:31-0800;50;Sacramento-Roseville-Folsom-Auburn;None;sacramento;If you hate Math and wish it was dead in a ditch, I am your tutor. I have a BA in Mathematics from UCBerkeley, I taught High School Math for a few years, and I am newly credentialed by the state of California. I am particularly good at explaining math to people who struggle with it, but I can teach all levels, so please give me a call. I tutor everything from PreAlgebra through AP Statistics and AP Calculus. My fee scale is - $50 for one hour or $160 for 4 hours. I moved up here from the Bay and I am still finding my way around, but I'm willing to travel if Google Maps knows where you are.~ the quickest way to reach me is by text ~Thank you for reading my ad!;2021-12-23
2021-12-19T09:16:06-0800;50;Sacramento;None;sacramento;I hope everything is fine and I am glad to have you here. I am fully vaccinated and available to meet in ‚Äì person and Online tooSpecialization:I hold a Doctorate in Statistics with an Undergraduate Degree in Math (Major)15+ years of tutoring experience via digital board.Get: 1. 100% Excellence work2. A+ Grade3. 100% buyer satisfaction with excellent teaching 4. Fee after work done5. Teach concept in effective mannerService specifics:College Algebra Integration Differential equations Limits Series Linear Algebra Linear Programming Operations research Numerical Analysis Mathematics Advanced Calculus 1 Calculus 2 Calculus 3 Trigonometry Vectors Higher Mathematics Complex analysis Pre-calculus Complex analysis Discrete Finite Math Differentiation Excel Tableau Pre-Algebra Tutor MinitabRate:Zoom 1-on-1 tutoring$50 First hour (1hr) $100 (2hrs)$135 (3hrs)Credentials:Worked for 2 companies namedDatameer (2014-2017) as a Statistics Data AnalysisIBM (2017 onwards) as a Senior Statistician Tutoring Keywords: MATH 116 Calc MBA 626, 215, QMS 423, BUS 14A, BUS 14B, Pre-Calculus MATH 1 (UCLA) STATISTICS 10 (UCLA), MATH 10A (UCSD), MATH 10B (UCSD), MATH 20A (UCSD), MATH 20B (UCSD), MATH 20C (UCSD), MATH 20D (UCSD), MATH 11 (UCSD), MATH 2 (UCSD),Math12400MATH 8 (SMC), MATH 31A (UCLA), MATH 112, MATH 120, MATH 102 (LMU), MATH 142, MATH 241/242, STAT 015, STAT 050, MATH 10, MAT 191, MATH 114, MATH 117, MATH 110C, MATH 130C, MATH 131, MATH 137,, MATH 138, MATH 150C, MATH 160C, MATH 138, MATH 150, MATH 160, MATH 200, MATH 220 (SBCC), MATH 124MAT 192, MAT 131, MAT 321, MAT 421, MAT 131, MATH 227, QMS 321, IS 310 MAT240, (CSULB),MAT 323, MAE 505, MATH 2 (UCSD), MATH 3C (UCSD), MATH 4C (UCSD)I can send you either a hand written or a word document according to your need. For live - Hand written work in specific time.;2021-12-23
2021-12-18T13:23:53-0800;20.0;Sacramento;None;sacramento;"Hi everyone, do you need math, physics, or computer science tutoring? Could you use some help with homework? Need some review for tests?I can tutor in the following subjects including honors, AP, or college level:Calculus,Pre-Calculus and Trigonometry,Algebra 1 and 2,Statistics,Geometry,Integrated Math,Any combination of the above,Physics, andProgramming in Python and Java Computer Languages.I can give test prep in the following subjects:General Math ACT and Math, Physics, and Computer Science Subject ACT,General Math SAT and Math, Physics, and Computer Science Subject SAT,All Math STARS and CAHSEE Sections,General Math GRE and Math and Physics Subject GRE.Tutoring sessions will be online or in person and cost anywhere from $15 to $25 per hour based on a sliding scale for those in need.I accept payments through Google Pay, PayPal, Venmo, CashApp,Wyzant, or Upwork.Group tutoring session discounts are also available. I'm looking to set up regular tutoring sessions.Please reach out with days, times, and subjects you might need tutoring in.I graduated from the University of California at Berkeley in physics 3 years ago,and I'm looking to give back. Refer to my resume here for details:1drv.ms b s!AvQhCl0SMET32wJIsOA0PwMWUD-k(replace the spaces with forward slashes, also known as ""/"").    ";2021-12-23
2021-12-14T09:46:53-0800;30;Entire Sacramento Area;None;sacramento;Please visit us at www.sharpmindclasses.com Please feel free to text/call us at (650) 398-9490.About Us:At SharpMind Classes Inc, we are an experienced team that includes hand picked tutors and founders from IITs/Stanford dedicated to personalized 1:1 online tutoring. All our tutors have a Master of Science and/or a PhD degree in respective disciplines. All our tutors have  >5 years of experience  with online tutoring and helping students succeed in achieving their academic goals. Our online courses are designed to give students an excellent grasp of concepts in respective subjects with a focus on strong foundation building and practice based learning. We use state of the art audio/visual tools (Skype/Zoom/Google Meets/Whiteboard) to have a seamless online tutoring experience. Class room teaching uses one-size-fits-none approach and is not ideal for students with wide range of learning pace and abilities. It ends up overwhelming some students or causing boredom and thus reduced interest in others. We¬†customize your tutoring plan based on the results of an assessment to define the content and pace of tutoring to your individual needs. Comprehensive assessments and worksheets¬†are also¬†used to define the baseline competency at the beginning of tutoring, to build confidence and test taking skills¬†and to periodically demonstrate sustained progress.References can be provided upon request.Rates:Our rates are:* $20/hr for K-8* $25/hr for high school* $30/hr for college* $30/hr for HSPT/TASC/COOP, SAT/ACT, GMAT and GRE. First class is free for you to assess a good fit with the tutor.Tutoring Subjects:We offer online tutoring in the following subjects:Competitive Exams:‚Ä¢	HSPT ‚Ä¢	TASC ‚Ä¢	COOP ‚Ä¢	SAT ‚Ä¢	GRE ‚Ä¢	GMAT Math:‚Ä¢	Grades K-12 Math‚Ä¢	Algebra 1 (Beginning), 2 (Intermediate)‚Ä¢	College Algebra‚Ä¢	Geometry‚Ä¢	Precalculus‚Ä¢	AP Calculus: AB and BC‚Ä¢	Calculus I: Differential Calculus‚Ä¢	Calculus II: Integral Calculus‚Ä¢	Calculus III: Multivariable Calculus‚Ä¢	Common Core: Math 1, Math 2, Math 3Science:‚Ä¢	Grades 1 ‚Äì 10 Science.‚Ä¢	Chemistry‚Ä¢	AP Chemistry‚Ä¢	College General Chemistry‚Ä¢	Biology‚Ä¢	AP Biology‚Ä¢	College General Biology‚Ä¢	Physics‚Ä¢	AP Physics 1 and 2‚Ä¢	AP Physics C: Mechanics‚Ä¢	AP Physics C: Electricity & Magnetism‚Ä¢	College General PhysicsHumanities:‚Ä¢	Grades 1 ‚Äì 12 English Composition and Writing.‚Ä¢	AP Economics‚Ä¢	AP World History  If you have a question about possible subjects to tutor in, please contact us with your contact information and we will promptly reply. Please feel free to text/call us at (650) 398-9490. ;2021-12-23
2021-12-09T10:20:54-0800;50;Citrus Heights, Fair Oaks, Orangevale, And More;None;sacramento;Shooting Stars Tutoring offers tutoring services for all grade levels and all subjects. Shooting Stars Tutoring offers initial assessments to each student to find their areas of need and proceed in developing an individualized curriculum matching those areas of need to strengthen them in their studies.  Our tutors are also available for homework help during the school year, as well as summer tutoring to help your child prepare for the next school year. *Our tutors are back to tutoring in-person and will continue to do so during the Fall semester! We will also continue offering interactive virtual classrooms through an online platform to help students keep up with their learning, if preferred. Our virtual classrooms include a 4-week educational program tailored to your student's specific needs. These classrooms are interactive, and 1-on-1 with a tutor.Our wide range of tutors can collectively teach all subjects in all grade levels, Kindergarten through College. Some of the educational plans we offer include: - All Levels of Math Homework Help or Individualized Intervention: Algebra, Geometry, Calculus, Stats, and more- Reading & Writing Intervention Personalized To The Student- SAT/ACT and GED prep.- All Levels of English, Language Arts, & Science - Phonics Development- ESL- Any SubjectOur rates are $50/hour and are willing to work with your schedule! Please feel free to contact us if you have any questions.Shooting Stars Tutoringwww.shootingstarstutoring.com    ;2021-12-23
2021-11-29T11:54:47-0800;35;Roseville, Granite Bay, Nearby Areas;None;sacramento;"PRIVATE ONE-ON-ONE TUTORING IS YOUR TICKET TO A BETTER JOB AND A BETTER LIFE!American children started school this fall significantly BEHIND expectations in math and reading. It would take students in ALL grades levels AT LEAST 12 to 20 weeks on average to catch up to where they were expected to be in the fall in math compared with pre-pandemic skills, the WSJ report found. Educators had predicted the pandemic's effect on math skills would be more severe than on reading because many parents aren't comfortable or patience enough to help their children with math skills, which build on each other, so children learning remotely can get stuck if they don't understand a key unit, Mr Kerns said. This is where my private tutoring lesson fill the gap and help the student thrives. ""Despite years of efforts to lift U.S. academic performance, 12th graders showed no improvement in math or reading in federal test scores released in May 2014 by U.S. News, underscoring concerns that the country isn't generating career and college-ready graduates."" Only about 38% of students scored proficient or higher in reading, while about 26% did so in math."" One-on-one tutor may be able to help close the gap.I am eager to look for students who need help in math from Arithmetic to Calculus.  I hold a B.S. degree in Electrical Engineering from UCLA (one of the nation's highest-ranked universities), and I am very strong in math.  I have been tutoring for over 13 years now and counting., but I also tutored before that at college and for friends and family.  It is always better for you and your pocketbook to get help now instead of waiting until it is too late and you are in college.  I can bridge the gap by providing you with the help you need to succeed.  Please allow me to serve you and help you gain knowledge and confidence in math and physics.I am available Monday through Friday from 3 pm - 8 pm,  and Sunday 8am -6pm.  I tutor Arithmetic, Basic Math, Elementary Algebra, Pre-Algebra, Geometry, Algebra, Intermediate Algebra, Advance Algebra, Trigonometry, Pre-Calculus,  Calculus I, II, and III,  AP, IB, and SAT, AP, IB Test Prep, and Physics, high school chemistry.Please contact me Henry or text me at 916 390-7923 to ask questions or to make an appointment. My affordable rate is $35/hr.  I spend one or more hours of my own time (without pay) preparing and planning the lesson just like school teacher does to target your specific needs and wants before coming to the tutoring session to ensure that you get your money's worth.  I have most of the local math textbooks and am familiar with the local school curriculum. I pinpoint a student's weakness and make it into a strength.I look forward to hearing from you. Thank you.My Tutoring RatesOne Hour Lesson       $35    90-Minute Lesson    $55Group of 2 for 1 hour     $55    **** Traveling within 5 miles radius, from Douglas Blvd & Sierra College Blvd, fee is $45/hr minimum 2 hrs, Friday, Sat and Sun only. ***Payable at the beginning of the month  -   DISCOUNT -  8 hrs $270  Family Discount: When you enroll a sibling, you will receive a discount of 10% on total month fee on the second child only if pay at the beginning of the month. Friends and family referrals is my greatest compliment. For any 2 paid referrals, you will receive one FREE lesson and there is no limit on the number of free money.""We are so grateful and happy that you work with Ashlee, her Geometry has been an ""A"" all year!  She is excited and confident with her math and that wonderful to see. I know it helps carry over into all her classes and her over all attitude toward her studies.""__________________________--Tracy Eldredge, Rocklin, CA""Thank you so much for being an amazing tutor.Your dedication, patience, and hours of tutoring are much appreciated. You've been such a tremendous help to pass Algebra 2! :)I look forward to conquering Pre-Calculus with your help.""__________________________--The Pastorino Family, Lawyer,  Orangevale, CA""Henry is an exceptional math tutor who taught my daughter, Ayesha, Algebra II, Honors Pre-Calculus, and AP Calculus.He helped my daughter tremendously in her Algebra II and Pre-Calculus classes. As a result, she earned a 98% in the class. Henry brings his energy and experience to his students, and I would highly recommend his tutoring services to anyone.""__________________________--Aslam M.D., Granite Bay, CA. ""Thank you for providing an extremely positive learning experience for our daughter, Linda.  I did not think that just one hour a week could improve her math skills so much. A very pleasant surprise, indeed.""  __________________________--Britney Smith, Roseville, CA."" Henry's one-on-one tutoring is excellent!  After just a few short hours of AP Calculus with Henry, my son, Arvind, scored 98% on his final exam, which brought his final class grade up significantly. Henry also helped my son receive a perfect 5 on his nationwide AP Calculus exam in May.  He cares about his students and is very knowledgeable. He knows each student's specific needs and how to encourage them to thrive. I am very pleased with his tutoring service.  __________________________--Dr. Reddy, Roseville, CA. ";2021-12-23
2021-12-09T14:31:50-0800;35;Chico;None;sacramento;Tutoring available from a former high school Physics teacher and Mechanical Engineer.  Serving students in any high school physics and college, non-calculus based mechanics.  Can tutor all levels of high school math.Please email with inquiry.  I can travel to you in Chico.  $35 / hr    ;2021-12-23
2021-12-23T07:55:07-0800;60;San Francisco;San Francisco;sacramento;Serving all of the SF Area in Facetime and Zoom tutoring*Math*Physics*Chemistry*Algebra*Geometry*Pre-Calc*Calculus*Thermodynamics*Statics, Dynamics*Fluid Mechanics*Several other Engineering courses| ----- My Educational Background and Experience ----- |Dos Pueblos Engineering Academy Class of 2008.Cal Poly Mechanical Engineering BS 2013.Have my Fundamentals of Engineering Certificate in Mechanical Engineering.*AP Physics-Score 5*AP Chemistry-Score 5*AP Calc*4 Calc Classes at Cal Poly*2 Linear Analysis at Cal Poly| ----- Rate ----- |$60/hr and 1 hour minimum sessions.24 hour cancellation policy: If you cancel within 24 hours, you will be charged for 1 hour and I will credit you 1 hour next session.Please text to schedule. 805-705-five7two1. Include your name and 2 example photos of problems from the class.-Rick    ;2021-12-23
2021-12-22T15:47:32-0800;60;Fremont / Union City / Newark;East Bay;sacramento;$60/hr.I have a broad background in the sciences, as well as skills useful for the college application process.Undergraduate: Rice University, double major Biochemistry and Physics, summa cum laude.Ph.D. Yale University, Molecular Biophysics and Biochemistry.  My Ph.D. advisor, Thomas A. Steitz, received the Nobel Prize in Chemistry, 2009.I‚Äôve had great success helping students edit their college application essays.  I‚Äôve taught a small writing class.  I‚Äôve also had experience interviewing student applicants, as an alumni interviewer for Rice.As a tutor, I believe strongly in teaching students how to think critically. I prefer in-person tutoring.  I received my second Moderna shot on 4/30/2021 and the Moderna booster at the end of October.    ;2021-12-23
2021-12-21T08:07:58-0800;20;None;South Bay;sacramento;"""Hey there!My name is Angel and I‚Äôve been tutoring with Ansari Math for about a year and a half now.Math can get a bit tricky sometimes but a big part of it is trying to look at it from different perspectives, one explanation doesn‚Äôt always work for everybody!Let‚Äôs find your explanations, I‚Äôm always happy to help and I can‚Äôt wait to work with you!""-AngelRate: $20/hour (1 hour and 1 week free)""Best tutoring service I have worked with. Flexible hours, fair prices, friendly/knowledgeable staff.""-Daniel"" Finally, my daughter has tutors who are extremely knowledgeable and professional. After each session, a progress report is provided, keeping me well-informed. She is now optimistic and hopeful that she will do well in her Math Analysis course.""-Claudina Fenley""Couldn‚Äôt have asked for a better tutor! Helped me bring up my grades and prepare me for future courses. Would definitely recommend to anyone struggling with math.""-Nima""I registered to take my ACT in July, and started studying a month before. Math was my weakness and I had limited time to address my content issues, nevertheless, my tutor Peerlinc was so reliable and available for our scheduled appointments, even if they were last minute. At the end of our sessions, I felt confident and prepared content-wise going into the Math Section of my ACT. My tutor taught me how to decode word problems with many factors that to the untrained eye, might look difficult, after just one month of studying my tutor taught me many skills in approaching concepts that I knew, but were worded differently than I was used to. Overall, I had an excellent experience with my tutor and I strongly recommend him to anyone with content issues and a limited time to study!""-Sonya S""Its super easy to book a class you can do it in under a minute.""-Liam Herrera‚ÄúI could not be more pleased with my daughter‚Äôs tutor and this program overall. I love the technology. She enjoys her lesson and is ever more confident in math. She is empowered to schedule her own sessions on the website. Her tutor was kind, positive and gave her follow up homework. I also love that her tutor is a student at a top tier university. It motivates her and she can better visualize herself at an amazing college for added motivation. I highly recommend. Stacey ( mother of a 7 grader)‚Äù-Stacey Zionts""Great experience. Needed help with multiple math subjects and accommodate me on everything I needed. Great tutors.""-Shayan""I was struggling during my summer semester in my intermediate algebra class. Luckily, through the tutoring and guidance from Peerlinc tutoring, I was able to bring my grade from a certain F all the way back up to an A. They really had a great way of breaking down each problem to the point where I could understand the material. More importantly, they always made time for me and always prioritized the needs that I had for school. I would highly recommend Peerlinc Math Tutoring to anyone!!!""-David Lindwall""Loved it! Made learning calculus so much easier. The tutors are super helpful and they genuinely care to help you succeed in math. Definitely use Ansari Mathematics!""-Sifath Mannan""Great tutor. Really knows his material. Walked through math , step by step, didn‚Äôt skip any parts.""-Greg SiasText 2133408660 or register at peerlinc.com for 1 free hour (1 week free trial period included)    ";2021-12-23
2021-12-20T12:05:20-0800;40;Cupertino;South Bay;sacramento;Don't wait to get a tutor! This applies to struggling students or brilliant ones, as I can help both achieve their best.Would your student perform better in his or her subjects with a weekly tutor? I am here to help. I am a master tutor with fifteen years of experience bringing out the best of my students. I can help your student improve their English and Math skills, and maximize both learning and grades.I earned a graduate degree from Harvard University, and I specialize adapting my teaching style to each unique student. Additionally, I have lived overseas for five years, and so I have a speciality helping students who have English as a second language (ESL). I also am an expert SAT and ACT tutor.I can help you with the following:ENGLISH: English classes,Writing, Grammar, StyleHISTORY & OTHER LIBERAL ARTS: History, Social Studies, Government, Political Science, etc.MATH: Arithmetic, Fractions, Algebra, Geometry, TrigonometrySCIENCE: Chemistry, Biology, PhysicsIndividualized TutoringEach student is different and I listen carefully so that our sessions are most productive. There is no substitute for one-on-one tutoring.Short Term or Long TermSome students have stayed with me their entire high school career. Others need just a bit of help to complete a difficult assignment. RatesIndividualized tutoring costs $90/hr for in-person or $60/hr for online. (AT LEAST UNTIL MAY  2022 CORONA VIRUS PRICING: $40/hr for online weekdays.) The introductory meeting is free without any obligation. I tutor online or in-person, and I use google docs and a whiteboard program for online students. Online tutoring works very well.NOTE: If your income has been disrupted due to the coronavirus, please indicate the hourly rate you are able to pay. ContactYou can text me or simply reply to this ad and we'll arrange a Zoom meeting.kenaritutor.com    ;2021-12-23
2021-12-18T16:52:42-0800;30;Mountain View;Peninsula;sacramento;I‚Äôm available for in-person sessions, either in your home or at a Public Library.  I‚Äôm completely vaccinated and live in Mountain View.I have 10 years experience tutoring math.  I majored in math and statistics at UC Berkeley.Rates: Algebra, geometry, trigonometry - $30 hourCalculus - $ 35 hourEd    ;2021-12-23
2021-12-17T18:27:55-0800;69.66666666666667;None;San Francisco;sacramento;"Learn better, faster - and have more fun doing it!Experienced Teaching Professional-----------------------------------------------I have been pursuing continual learning and teaching since graduating college, tutoring full time since 2017 and part time since 2008. I have always had a passion for learning, but I fell in love with teaching in high school. I have been loving it ever since: now I have over 12 years of tutoring experience with 300+ students. I've tutored for a number of professional organizations (e. g. https://www.gradepotentialtutoring.com, http://www.stemivy.com, Walnut Hills Alumni Association, OSU Young Scholar Program to name a few) but I now do most of my tutoring privately.I teach a wide variety of subjects and students of all ages: engineering students, college students in multivariable calculus and calc-based physics (my favorites), grade school students with ADHD, high school students in AP classes or ACT/SAT prep, etc.My focus is developing an understanding from the deepest roots of a concept to its sun and sky. I do NOT preach memorization or repetition. My students tell me that I‚Äôm easy to get along with, and always have a new way to explain an idea that isn't making sense. I consistently see a significant improvement in my students‚Äô grades - part of what makes my job so satisfying! My passion is to make learning as easy and enjoyable as possible.Proven Academic Success---------------------------------------I received a full scholarship to University of Cincinnati and held a 3.8 GPA through my master‚Äôs program in aerospace and mechanical engineering, graduating magna cum laude.-99th percentile score on PSAT, SAT, and ACT-Awarded the National Merit Scholarship-35/36 ACT Math, 36/36 ACT Math and Science-5/5 on the AP Calculus BC and AP Physcis C exams-Ranked in state math and science competitionsI have helped countless students to exceed their own expectations with their grades and test scores. I can help beyond just knowing the material, but with strategies and time management techniques to test with confidence.The Tutoring Experience--------------------------------I use a fantastic free whiteboard website (check out ‚Äúbitpaper‚Äù) along with an artist tablet that allows me to write and draw.It's super easy:Snap screenshots or pictures of your assignment or study materialsDrag and drop onto the whiteboardWe video or audio chat while we write, draw, graph and collaborate on solutions. All of our notes are autosaved, organized, and available to you forever.Rates and Scheduling-------------------------------I offer lower hourly rates for longer sessions:1 hour 20 min-------$1001 hour 40 min-------$1152 hours---------------$130>2 hours-------------$65/hrTake $30 off your first session, and $60 off when you refer a new student to me. If you are not satisfied with the quality of help you receive, it's free.I prefer communication by call or text, but email is fine too. Let me know if I can help you!! Please feel free to ask me for student and teacher references!Reviews------------""Eric is very knowledgeable, has been able to connect our daughter to the material in a way that makes her excited to be learning, and has a GREAT attitude! In other words - the perfect tutor! If you hire him he'll reset the bar for what a tutor can be.""-Andreas D.""My tutoring experience with Eric has been great. He‚Äôs very knowledgeable and patient. I felt comfortable working with him, and he knows how to explain topics in plenty of ways to make them easy to understand. Math has always been the most difficult subject for me, but when I met Eric I gained a better understanding and my first ever A on my final exam!""-Teonna C.""Eric was my student in high school. He was the top student in the most demanding math course we offered at the time: AP Calculus BC. Not only was he a brilliant and diligent student, he also took first place in our math team competition. Eric is dependable, caring and well liked. He has the personality and intelligence to do absolutely anything he wants. Kids will love his energy and sense of humor. Students seeking help will be hard pressed to find a better candidate.""-Susan C.--------------------------------------------------------Even if you don't see your subject listed here - ask me about help with your university graduate or undergraduate engineering, math, or science courses.--------------------------------------------------------Keywords:science algebra statistics chemistry geometry pre-calculus precalculus precalc pre-algebra electricity and magnetism E&M circuits statics dynamics vectors mechanics polar cylindrical integrals derivatives trig trigonometry 1 calc 2 3 I II III A B C AB BC senior junior sophomore freshman 12th grader 11th grade 10th 9th advanced placement test exam university college private teacher one-on-one school helpBerkeley Stanford California San Francisco University Institution CollegeMcclymondsOaklandAbraham Lincoln High School (San Francisco)Academy of Arts & Sciences (San Francisco, California)Archbishop Riordan High SchoolBalboa High School (California)The Bay School of San FranciscoConvent Stuart HallConvent of the Sacred Heart High School (California)Envision SchoolsFrench American International School (San Francisco)Galileo Academy of Science and TechnologyGateway High School (San Francisco)Ida B. Wells Continuation High SchoolImmaculate Conception Academy (California)International High School of San FranciscoInternational Studies AcademyJewish Community High School of the BayJohn A. O'Connell High SchoolJune Jordan School for EquityLeadership High SchoolLick-Wilmerding High SchoolLowell High School (San Francisco)Lyc√©e Fran√ßais de San FranciscoMercy High School (San Francisco)Mission High School (San Francisco)Mountain View Academy (San Francisco)Phillip & Sala Burton High SchoolSacred Heart Cathedral PreparatorySt. Ignatius College PreparatorySan Francisco Polytechnic High SchoolRuth Asawa San Francisco School of the ArtsSan Francisco University High SchoolSan Francisco Waldorf SchoolStuart Hall High SchoolThurgood Marshall Academic High SchoolThe Urban School of San FranciscoRaoul Wallenberg Traditional High SchoolGeorge Washington High School (San Francisco)Youth Chance High School    ";2021-12-23
2021-12-17T10:25:52-0800;45;Berkeley;East Bay;sacramento;Hi all,My name is Mabel Kimble and I am currently a 3rd-year medical student. Prior to medical school, I was a research scientist at UCLA. I currently hold a Bachelor's of Science in Health Education, a Double Master's in Biomedical Sciences and Social Epidemiology. I am hoping to share my educational experience and offer tutoring services to students coming up in academics. I also have a very rich background in teaching which includes teaching Anatomy for 3 years and previous tutoring experience among elementary, middle, high school, and college students. I am also a published author of multiple peer-reviewed journals (google me or better yet PubMed me) lol. I love learning and better yet, I love to teach. Ultimately, love to see others begin to love STEM courses just as much as I do. I am also seasoned in research methods, biostatistics and epidemiology.  Here are the courses I am tutoring at this time (FYI courses are not limited to the ones listed, ask me). Research methodsBiostatisticsBiology Physiology Anatomy Pharmacology Immunology Algebra I and IITrigonometryLiterature BiochemistryEpidemiology Public Health General chemistry and etc. Other services I offer are the following: 1. In case of emergency and you need a presentation created (48 hours turn around time), this can be costly, just because when I've had student's reach out to me to do this, I've had to do an overnight and then coach them through the presentation before the presentation. 2. Presentation/Public Speaking coach (I've presented my research locally (Boston, San Diego, Washington DC, just to name a few) and internationally (Europe), there is a simple remedy to your anxiety and I can help)3. Edit your paper Use this link to my online calendar: https://calendly.com/mabelkimble (schedule a 15 min intro meeting or 60 min tutoring session of the subject of your choice) or message me at 510-993-7485. Accept: Zelle and venmo $45/hr Hourly,weekly, and monthly rates availablehttps://www.linkedin.com/in/mabel-m-kimble-mdc-ms-mph-a07b9425/;2021-12-23
2021-12-17T01:57:46-0800;57.5;Santa Clara;South Bay;sacramento;I have tutored Mathematics to many young students as well as adults throughout my college years, and also during my practice as a Licensed Professional Engineer in the state of California.I am very patient with students when they have difficulty understanding the material.  I gear my explanations at the same level as my students, and provide good matching analogies to explain material in different ways to help them understand the basics.  I help my students gain the confidence they need for future mathematics courses.Shown below are the courses I can tutor.‚Ä¢	Pre-Algebra.‚Ä¢	Algebra.‚Ä¢	Geometry.‚Ä¢	Intermediate Algebra.‚Ä¢	Trigonometry.‚Ä¢	Advanced Algebra.‚Ä¢	Pre-Calculus.‚Ä¢	College Algebra.‚Ä¢	Elementary Probability & Statistics.‚Ä¢	Calculus (Differential, Integral, and Advanced).‚Ä¢	Any Math from K-12 to College level Calculus.‚Ä¢	Boolean Algebra and Basic Computer Arithmetic.‚Ä¢	Combinational and Sequential Digital Logic Design.‚Ä¢	ACT Math Section.‚Ä¢	SAT Math Section and SAT Subject Math Preparation.I will help you with the material exactly as you are expected to know it for your class.  I will buy myself the same book used in your class to prepare myself and be ready to help you understand the material thoroughly.  We can also have emails between tutoring sessions to answer questions, or to help with you with homework.I have a perfect 4.00 Math GPA in all High School Mathematics courses taken, and College Math up to and including Advanced Calculus, and many graduate level Applied Mathematics courses.Background & Academic/Professional Credentials: HSD, Abraham Lincoln High School, San Francisco, CA, Math Major (Honors ‚Äì 4.0 GPA).BSEE, UC Berkeley, Electrical Engineering and Computer Sciences.MSEE, Santa Clara University, Communication Theory, Digital Design, and Applied Math.PE, Registered Professional Engineer in the State of California, License #E15005.Fluency in Spanish (reading, writing, speaking).E-mail me with information about the course, brief explanation of area of confusion, and your textbook title & author (or ISBN), or call me (408-249-3916).  If there is no answer, please leave a message.  I'll respond soon.I can help you with a particular problem at hand, even if you decide not to hire me.  Just send me an email with your unsolved homework (or test problem), and I‚Äôll email back with an explained solution.  I just love to help.My charge:  $45 ~ $70 per hour, depending on subject, negotiable for longer terms and/or affordability.  If I can‚Äôt help you understand the material you are having problems with, you don‚Äôt pay.  You will be satisfied.** If you are unsure about hiring a tutor, we can have an initial session at no charge to you.  During that time, I will evaluate your needs, you can evaluate me, and then later decide if we will meet again.;2021-12-23
2021-12-16T08:27:03-0800;40;Online;San Francisco;sacramento;‚òÖ‚òÖ College Math Tutor‚òÖ Calculus I ,II & III, AP Calculus AB/BC , Trig, College Algebra, College Statistics, Linear Algebra, ODEWebsite :www.collegemathcourses.comYouTube :(Under Construction)https://www.youtube.com/channel/UCqhFZRmUqOAAPMQpo58TV7g‚òÖ‚òÖAll tutoring is done by One Tutor. ‚òÖ‚òÖElementary Statistics and ProbabilityIntroduction to Statistical ReasoningProbability and StatisticsMathematical StatisticsPre-AlgebraIntermediate AlgebraCollege Algebra/Algebra 1/Algebra 2GeometryTrigonometry (Trig)Finite MathematicsPre-Calculus /Math AnalysisCalculus I , II and IIIVector CalculusIntroduction Linear Algebra (Matrix)Finite Mathematics===For Engineering students ========================Advanced CalculusDifferential and Integral CalculusMultiple Variable CalculusApplied Statistics and Probability for EngineersComplex NumbersDifferential EquationEngineering Analysis===For MBA and EMBA students ====================Business StatisticsBusiness CalculusIntroduction to Statistical ReasoningOperational ResearchOptimizationQuantitative AnalysisDecision AnalysisManagement ScienceLinear ProgrammingTransportation ProblemsExcel TableauMathematics and PoliticsProject ManagementTest PreparationSATCBEST, CSET I, II and III (MATHEMATICS for HS and Middle school Teachers)GRE MATHGMAT MATHAP Calculus AB and BCAP StatisticsGraphing Calculation helpHourly Rate : Depending on the subject: ==== Most Math/Stats Subjects $40/hr ================= ‚òÖ‚òÖ $40/hr ‚òÖ‚òÖ ====================================Assignment Help, Homework Help -Step by Step Solutions Rate : $40/hr================================================================================== ‚òÖ‚òÖ $40/hr ‚òÖ‚òÖ =========================================Zoom 1-on-1 tutoring : $40/hr====================================================================‚òÖ I can help students with their homework assignments , projects, and prepare for the Exams‚òÖ‚òÖ I will forward you a PDF file of the notes and problems solved during the tutoring session if needed‚òÖ==‚òÖ‚òÖ Exp University Level Math Tutor (MS Applied Mathematics, MS Applied Statistics and MS Aerospace Engineering) ‚òÖ‚òÖ ================ ‚òÖ‚òÖ ‚òÖ‚òÖ =======================================GRE MATH (My GRE MATH Score : 800/800)============================================================‚òÖ‚òÖ You're not paying for the hours or minutes but for Education, Knowledge and Experience ‚òÖ‚òÖ‚òÖ‚òÖ‚òÖ‚òÖ‚òÖ‚òÖ Text/ Email Preferred (Text for a Faster Response ) ‚òÖ‚òÖ‚òÖ‚òÖ‚òÖ‚òÖ============================================================================Keywords: High School, Middle School, College, University, Home school, Online Help, Google Drive, Zoom, Screen share, whiteboard, , Graphing Calculator Help, Consultation, STEM, Excel, statcrunch, F201, MBA 626, QUMS 505, BUAD 310 (USC), QBUS 215, MATH 227, QMS 321, IS 310 (CSULB), QMS 423, BUS 14A, BUS 14B, Pre-Calculus MATH 1 (UCLA), Introduction to Statistical Reasoning STATISTICS 10 (UCLA), MATH 8 (SMC), MATH 31A (UCLA), MATH 112, MATH 120, MATH 102 (LMU), MATH 142, MATH 241/242, STAT 015, STAT 050, MATH 10, MAT 191, MAT 192, MAT 131, MAT 321, MAT 421, MAT 131, MAT 323, MAE 505, PPD 502X, Psych 210, Psy 3307 , MA-336 (CUNY), MA-114 (CUNY), MA-119 (CUNY) , MA-441 (CUNY), MA-442 (CUNY), MA-440(CUNY), MA-261 (CUNY), MA-121 (CUNY), MA-120 (CUNY), MA-10 (CUNY), MATH 2 (UCSD), MATH 3C (UCSD), MATH 4C (UCSD), MATH 10A (UCSD), MATH 10B (UCSD), MATH 20A (UCSD), MATH 20B (UCSD), MATH 20C (UCSD), MATH 20D (UCSD), MATH 11 (UCSD), MATH 2 (UCSD),Math 165 (El Camino), Math12400,.....(SMC) Math 1, Math 2, Math 2C, Math 3, Math 3C, Math 4, Math 4C, Math 7, Math 8, Math 15, Math 18, Math 20, Math 21C, Math 26, Math 26C, Math 28, Math 29, Math 31, Math 32, Math 41, Math 50, Math 54,Math 54C,Math 81,Math 84,Math 85 (SMC)(SBCC) MATH 114, MATH 117, MATH 110C, MATH 130C, MATH 131, MATH 137,, MATH 138, MATH 150C, MATH 160C, MATH 138, MATH 150, MATH 160, MATH 200, MATH 220 (SBCC), MATH 124, MATH 1040 (Honors), MATH G160, MAT 241 ( Calculus 3/ Chicago/Illinois)Calculus II :Integration by PartsConvergence TEST & Divergence TESTAbsolutely ConvergentConditionally ConvergentGeometric Seriesp-SeriesDirect ComparisonLimit ComparisonRatio TestRoot TestIntegral TestAlternating SeriesCalculus III3D Coordinate SystemsVector FunctionsPartial DerivativesMaximum and Minimum Values (With constraints)Multiple IntegralsVector CalculusLine IntegralsSurface IntegralsApplications (Calculus 1, 2 and 3)College Statistics :Elasticity, ANOVA, Z , t , Normal, Poisson, Binomial, Exponential, Uniform, Negative Binomial, Hyper-geometric distributions , Trigonometry, Integration, Integration by Parts, Differentiation, derivative , Theory of Voting, Majority Rule, Voting Methods, Voting Power, Minimum Spanning tree , Shortest path, spanning tree , PERT, CPM, ALEKS, Cengage ,Canvas, MyMathLab , MyStatLab ,Pearson , Wiley , Brightspace, MyOpenMath, Connect,Webwork. ConnectMath, StraighterLine , Statcrunch ,WebAssign , Lumenohm. etc    ;2021-12-23
2021-12-14T13:24:02-0800;30;None;South Bay;sacramento;Feel free to text me at 909-640-3570Hi, I was accepted into the Ivy Leagues and tutor math, chemistry, and SAT/ACT. I‚Äôve been a tutor for over 8 years working with students of all ages. I help with homework, quizzes and tests. For ACT/SAT I scored in the top 1%, use official practice tests and teach high-level tricks. I tutor through videocall, so you can work with me from the comfort of your home üè†.+ Math ($30)+ Chem ($35)+ SAT/ACT ($45)+ Online Tutoring (Zoom/Skype/Facetime)Give me a call or text me at 909-640-3570. My schedule is flexible and we can get started ASAP.    ;2021-12-23
2021-12-14T00:54:18-0800;20;None;San Francisco;sacramento;"Text 2133408660 or register at peerlinc.com for 1 free hour""Hello! My name is Ali Ansari, a UC Berkeley student and the founder of AnsariMath.com. I am a private math tutor for any math level from Basic Math to Multivariable Calculus. I also tutor physics, bio, chemistry, and computer science. I hold a perfect score on the SAT math reasoning and SAT math level 2. I am also the former mathematics competitor for the national Science Bowl team. My number one priority is to make sure that my clients truly understand the concepts rather than memorizing them. Cravings are usually acquisitive, but my craving for mathematics and STEM is different. It's not about what I take in but what I take on. Further, it's not about what I can possess, but about what I can give. Mathematics has been my greatest source of confidence. It's always been there: A very instinctive and obvious strength, however, through math, I've grown in ways I hadn't foreseen. I have been tutoring for over 5 years. I enjoy every second of tutoring, helping students raise not only their score but their confidence in mathematics. In order to tutor effectively I develop a custom approach that specifically fits all YOUR needs and whether you want to do better in class, study for a certain test, or just learn something completely new, I am here for it! SAT Math 2 score: 800/800 SAT Math 1 score: 800/800 SAT math reasoning test: 800/800""--AliRate: $20/hour (1 hour and 1 week free)""Best tutoring service I have worked with. Flexible hours, fair prices, friendly/knowledgeable staff.""-Daniel"" Finally, my daughter has tutors who are extremely knowledgeable and professional. After each session, a progress report is provided, keeping me well-informed. She is now optimistic and hopeful that she will do well in her Math Analysis course.""-Claudina Fenley""Couldn‚Äôt have asked for a better tutor! Helped me bring up my grades and prepare me for future courses. Would definitely recommend to anyone struggling with math.""-Nima""I registered to take my ACT in July, and started studying a month before. Math was my weakness and I had limited time to address my content issues, nevertheless, my tutor Peerlinc was so reliable and available for our scheduled appointments, even if they were last minute. At the end of our sessions, I felt confident and prepared content-wise going into the Math Section of my ACT. My tutor taught me how to decode word problems with many factors that to the untrained eye, might look difficult, after just one month of studying my tutor taught me many skills in approaching concepts that I knew, but were worded differently than I was used to. Overall, I had an excellent experience with my tutor and I strongly recommend him to anyone with content issues and a limited time to study!""-Sonya S""Its super easy to book a class you can do it in under a minute.""-Liam Herrera‚ÄúI could not be more pleased with my daughter‚Äôs tutor and this program overall. I love the technology. She enjoys her lesson and is ever more confident in math. She is empowered to schedule her own sessions on the website. Her tutor was kind, positive and gave her follow up homework. I also love that her tutor is a student at a top tier university. It motivates her and she can better visualize herself at an amazing college for added motivation. I highly recommend. Stacey ( mother of a 7 grader)‚Äù-Stacey Zionts""Great experience. Needed help with multiple math subjects and accommodate me on everything I needed. Great tutors.""-Shayan""I was struggling during my summer semester in my intermediate algebra class. Luckily, through the tutoring and guidance from Peerlinc tutoring, I was able to bring my grade from a certain F all the way back up to an A. They really had a great way of breaking down each problem to the point where I could understand the material. More importantly, they always made time for me and always prioritized the needs that I had for school. I would highly recommend Peerlinc Math Tutoring to anyone!!!""-David Lindwall""Loved it! Made learning calculus so much easier. The tutors are super helpful and they genuinely care to help you succeed in math. Definitely use Ansari Mathematics!""-Sifath Mannan""Great tutor. Really knows his material. Walked through math , step by step, didn‚Äôt skip any parts.""-Greg SiasText 2133408660 or register at peerlinc.com for 1 free hour    ";2021-12-23
2021-12-13T08:32:04-0800;40;Usf / Panhandle;San Francisco;sacramento;Hi! Offering Math/Calculus, Physics and Chemistry online tutoring sessions for college and high school students. All levels. I have a mechanical engineering background and over 8 years of experience tutoring Math/Calculus, Physics and Chemistry to college and high school students. Affordable and convenient tutoring sessions online at $40 an hour using a shared board and audio platform. Expert in: - Math up to and including Calc 4 (differential equations) - Linear Algebra - Physics (calculus and algebra based) - Inorganic chemistry - Fundamentals of Engineering exam (ME)- SAT Math, SAT Math Levels 1&2- GRE Math - ACT- AP Physics, AP Chemistry, AP Calculus AB, AP Calculus BCReply with what course you need tutoring in and I‚Äôll be happy to help.    ;2021-12-23
2021-12-11T16:09:25-0800;40;None;San Francisco;sacramento;My background:- Currently a PhD student at UC Davis- Undergrad and Master‚Äôs degrees from top colleges in EuropeExperience:- 2 years Math tutoring experience- 1.5 years Math and Statistics Teaching Assistant at multiple universities Currently only teaching on Zoom ($40 per hour).    ;2021-12-23
2021-12-11T14:08:51-0800;47.5;Concord / Pleasant Hill / Martinez;East Bay;sacramento;Dear students and parents,My name is James Xu. I  graduated from UCLA with a B.A degree in Business Economics and Accounting. I have been helping DVC and Saint Mary's College students over then years and a math tutor at DVC college for two semester. I have helped my students greatly improve their math grade, most of them get an A! I can teach all levels of Math, Economics and Accounting the hourly rate is $45-$50 depend on the traveling distance. Sincerely,James Xu    ;2021-12-23
2021-12-10T16:57:49-0800;65.0;Palo Alto;Peninsula;sacramento;Need extra help to further excel in your desired subject? I am an experienced Math and Physics tutor to provide learning services to students in high school and college to improve in their courses. I have my PhD in Applied Physics from Stanford University and my undergraduate degree in Engineering Physics, specializing in Electrical Engineering. I am available via zoom or in person locally in the Peninsula and East Bay Area.High school courses $60/hrCollege courses $70/hrPlease feel free to reach out if you have any questions or are interested in my services. Thank you.;2021-12-23
2021-12-10T15:03:53-0800;45;Berkeley;East Bay;sacramento;Former UC-Berkeley economics Ph.D. student and TA offers virtual tutoring for undergraduate and secondary school economics and math classes. Rush notice and latenight availability may be available. Undergraduate rates: $45/hour for lower division courses and $55/hour for upper division courses. Secondary rates: $40/hour for regular classes, $50/hour for AP/gifted classes.Full payment is required at the beginning of the lesson.    ;2021-12-23
2021-12-09T10:52:36-0800;25;San Jose North;South Bay;sacramento;Hello Everyone, My name is Rinki and  I teach maths and science for elementary, middle school and high school students .I have been tutoring math and science for more than 2 years in India.I have a bachelor degree in computer science (engineering) and have a working experience of more than 7 years in Information technology industry. My goal is helping students to achieve various goals (improving GPA, establishing the way to study, developing problem solving skill..)The cost is $25 /hr and first class is free. I take cash and Debit/credit cards (square), and Venmo/Cashapp, Zelle,Apple PayCell no. 4084251341    ;2021-12-23
2021-12-09T10:02:16-0800;70.0;San Rafael;North Bay;sacramento;"All levels of Math and Physics.I am very patient, sensitive to students needs and treat everyone with kindness and compassion.Reference available upon request.One of my students wrote,""Hi Hiro,I hope this email finds you well. My name is JT, I was tutored by you in AP Physics last year. I took the test in May, and for some reason, all of my AP tests took an extra long time to be graded. I recently got my scores, and I am very happy to report to you that I got a 4 on the AP Physics test.I just wanted to thank you for all your help. I know I would not have been able to get this score without you! All of your help was greatly appreciated.  :)Regards,""Hiro KobayashiMaster of Science in PhysicsBachelor of Science in Computer EngineeringCalifornia teaching Credentials in Physics and Mathematics$60/45 min, $80/60 min415-250-4831    ";2021-12-23
2021-12-08T13:38:26-0800;45;San Jose;South Bay;sacramento;Hello All,My name is Qusai. I have been a tutor and a teaching assistant for over 7 years. I recently graduated from UC Santa Barbara where I used to teach undergraduate students. I have taught and tutored more than 200 students and have put in more than 300 hours of teaching time. The most important aspect of tutoring, in my opinion, is to identify and fill in gaps in their knowledge. The last thing you want is your child having trouble with a specific concept because their foundation was shaky. I can help make sure there are no gaps in their knowledge and make sure they are performing well in school.Some places I have taught:- Los Angeles Pierce College- UC Santa Barbara- For a Company in Shanghai, China- Private Clients in LASpecialty Subjects:- Algebra 1- Algebra 2- Geometry- Precalc- Math Analysis- Trigonometry- Chemistry 1- Biology- Essay WritingQualifications:Undergrad: UC BerkeleyGrad: UC Santa Barbara(Check out some of my reviews in the images attached)If you are looking to help your child in high school or college, reach out to me. I can help break things down and get them back on track towards a positive future.Rate: $45/hourOnline TutoringNote: I have all the tools for effective online tutoring including screen share and a stylus/digital whiteboard.Text, call, or email- Qusai from QS Tutoring;2021-12-23
